name,Logged_Year,movie_count,lead_performance,gender,popularity,profile_path,order,display
Tilda Swinton,2022,4,4,Female,34.165,https://image.tmdb.org/t/p/original/gWbX3a7V2MgRMRzekfITNcb27xV.jpg,0,1
Annette Bening,2022,4,3,Female,18.973,https://image.tmdb.org/t/p/original/jgG41fbSC3TK4LL67Obzrg0mTJ9.jpg,1,0
Meryl Streep,2022,4,3,Female,14.261,https://image.tmdb.org/t/p/original/emAAzyK1rJ6aiMi0wsWYp51EC3h.jpg,2,0
Bess Flowers,2022,4,0,Female,1.9669999999999999,https://image.tmdb.org/t/p/original/oErbIo6a2QPYZSqfdzU6vlDTD8i.jpg,3,0
Denzel Washington,2022,3,3,Male,55.43,https://image.tmdb.org/t/p/original/AHUnhGbnWnjin4M2sNdZYAei9h.jpg,4,1
Alec Baldwin,2022,3,3,Male,34.96233333333333,https://image.tmdb.org/t/p/original/hzKy7x574eeUS3wt1R3yvWBRpeR.jpg,5,0
Isabelle Huppert,2022,3,3,Female,21.956,https://image.tmdb.org/t/p/original/3YQwWkpNKQeV5NUmdCH76Ne1gDP.jpg,6,0
Shirley MacLaine,2022,3,3,Female,13.925999999999997,https://image.tmdb.org/t/p/original/mpW9c34IAFPW0ODuKR8J0FAqN5i.jpg,7,0
Courteney Cox,2022,3,2,Female,36.829,https://image.tmdb.org/t/p/original/3bTVQH9vBXAiwGVHXKLylStz4RT.jpg,8,0
Colin Farrell,2022,3,2,Male,33.365,https://image.tmdb.org/t/p/original/vVqrAhZpojAtp874wBaaFt5T4dN.jpg,9,0
Bradley Cooper,2022,3,2,Male,31.258,https://image.tmdb.org/t/p/original/pLD2XvxqHueLWOuqXoFngJU3A5H.jpg,10,0
Julianne Moore,2022,3,2,Female,28.528000000000002,https://image.tmdb.org/t/p/original/3YF19rWusxWfEI59ZM33dFhasRq.jpg,11,0
Donald Sutherland,2022,3,2,Male,25.449,https://image.tmdb.org/t/p/original/xIklgqM1VagBgXnY1Ffum060yC6.jpg,12,0
Penélope Cruz,2022,3,2,Female,20.857,https://image.tmdb.org/t/p/original/tU2ATiHHBAKn4SHqKOagYqdpHiy.jpg,13,0
Michelle Williams,2022,3,2,Female,20.157,https://image.tmdb.org/t/p/original/sXTP6wlqIDz1tDGLU3DFbklSTpq.jpg,14,0
Neve Campbell,2022,3,2,Female,19.714000000000002,https://image.tmdb.org/t/p/original/9fDbXBbrM6L10YrzDJUJowDt8U.jpg,15,0
David Arquette,2022,3,2,Male,13.606,https://image.tmdb.org/t/p/original/1C5sLNLNVZ3P8sMy7HUQ32IKdqX.jpg,16,0
Simon Russell Beale,2022,3,2,Male,6.499,https://image.tmdb.org/t/p/original/kY9lQfGb8HNhq5BM30td4G5FwFr.jpg,17,0
Samuel L. Jackson,2022,3,1,Male,61.49800000000001,https://image.tmdb.org/t/p/original/nCJJ3NVksYNxIzEHcyC1XziwPVj.jpg,18,0
Jean Smart,2022,3,0,Female,29.47,https://image.tmdb.org/t/p/original/gOvEAOtrtedfgS7oQvPgHuJV4F8.jpg,19,0
Ward Bond,2022,3,0,Male,13.818,https://image.tmdb.org/t/p/original/296v3SK2u6HHxG3IXGVeklJt7dk.jpg,20,0
Celia Weston,2022,3,0,Female,8.68,https://image.tmdb.org/t/p/original/pQYygvqfmKnK4weuUCLUX45q5AJ.jpg,21,0
Oz Perkins,2022,3,0,Male,7.843,https://image.tmdb.org/t/p/original/fCEfHXkvkKNPnySxlHvukgVOeTw.jpg,22,0
Roger Jackson,2022,3,0,Male,4.865,https://image.tmdb.org/t/p/original/kDAoLRPVKgfTXRhDep0JNouhyAV.jpg,23,0
Owen Wilson,2022,2,2,Male,68.08,https://image.tmdb.org/t/p/original/op8sGD20k3EQZLR92XtaHoIbW0o.jpg,24,0
Al Pacino,2022,2,2,Male,59.199,https://image.tmdb.org/t/p/original/fMDFeVf0pjopTJbyRSLFwNDm8Wr.jpg,25,0
Oscar Isaac,2022,2,2,Male,44.505,https://image.tmdb.org/t/p/original/dW5U5yrIIPmMjRThR9KT2xH6nTz.jpg,26,0
Paul Dano,2022,2,2,Male,38.069,https://image.tmdb.org/t/p/original/tXojMAQN8FBg3h15GlcLPOuUeWW.jpg,27,0
Angela Bassett,2022,2,2,Female,33.724000000000004,https://image.tmdb.org/t/p/original/7Oz53NKdglRzAzI2MKjM3eQXwn.jpg,28,0
Mark Ruffalo,2022,2,2,Male,30.160999999999998,https://image.tmdb.org/t/p/original/5GilHMOt5PAQh6rlUKZzGmaKEI7.jpg,29,0
Michelle Pfeiffer,2022,2,2,Female,28.581,https://image.tmdb.org/t/p/original/oGUmQBU87QXAsnaGleYaAjAXSlj.jpg,30,0
Tom Hiddleston,2022,2,2,Male,27.967,https://image.tmdb.org/t/p/original/mclHxMm8aPlCPKptP67257F5GPo.jpg,31,0
Gary Oldman,2022,2,2,Male,24.263,https://image.tmdb.org/t/p/original/2v9FVVBUrrkW2m3QOcYkuhq9A6o.jpg,32,0
Elizabeth Olsen,2022,2,2,Female,24.206,https://image.tmdb.org/t/p/original/wIU675y4dofIDVuhaNWPizJNtep.jpg,33,0
Cate Blanchett,2022,2,2,Female,23.69,https://image.tmdb.org/t/p/original/vUuEHiAR0eD3XEJhg2DWIjymUAA.jpg,34,0
Dennis Quaid,2022,2,2,Male,23.579,https://image.tmdb.org/t/p/original/rvvxhJ7iR8GCZeKgg1qU8Bd89jG.jpg,35,0
Zoë Kravitz,2022,2,2,Female,21.371,https://image.tmdb.org/t/p/original/tiQ3TBSvU4YAyrWMmVk6MTrKBAi.jpg,36,0
Gael García Bernal,2022,2,2,Male,21.104,https://image.tmdb.org/t/p/original/7mq3EQN1oJfYNXkv9xKXKu6Ccw5.jpg,37,0
Kirsten Dunst,2022,2,2,Female,20.281,https://image.tmdb.org/t/p/original/sFYHUU1gWd57pttD8732tkBsXV5.jpg,38,0
Susan Sarandon,2022,2,2,Female,16.655,https://image.tmdb.org/t/p/original/oHYYL8bNakAREaLUBtMul5uMG0A.jpg,39,0
Geena Davis,2022,2,2,Female,15.008,https://image.tmdb.org/t/p/original/bx9ufx5cS7FfHDFFeT71syBh428.jpg,40,0
Marilyn Monroe,2022,2,2,Female,13.679,https://image.tmdb.org/t/p/original/vcp6rHL2sZWdlJQDEWsEe0jAAe1.jpg,41,0
Tom Wilkinson,2022,2,2,Male,13.252,https://image.tmdb.org/t/p/original/d5yLk0PK8q7EKR3E3G2txO758IW.jpg,42,0
Matthias Schoenaerts,2022,2,2,Male,11.238,https://image.tmdb.org/t/p/original/estZOBtDX860B1nbFRtNXt7SbHn.jpg,43,0
Tiffany Haddish,2022,2,2,Female,10.837,https://image.tmdb.org/t/p/original/Avmv1YY7Qscz0TyWxhqFoS7BO5f.jpg,44,0
Lesley Manville,2022,2,2,Female,9.955,https://image.tmdb.org/t/p/original/tioPlSoypjdME3oMu3g7XmgIIKS.jpg,45,0
Doris Day,2022,2,2,Female,6.3839999999999995,https://image.tmdb.org/t/p/original/nppZeZe1oRHLK02K4JJIwuQhAb0.jpg,46,0
Katharine Hepburn,2022,2,2,Female,2.7089999999999996,https://image.tmdb.org/t/p/original/hzBSOe6bburyMeeCqD9kR9tRfdD.jpg,47,0
Gene Hackman,2022,2,1,Male,50.398,https://image.tmdb.org/t/p/original/xPmETCv0APDoIK5CvIIJwbTcjPA.jpg,48,0
Antonio Banderas,2022,2,1,Male,47.27,https://image.tmdb.org/t/p/original/iWIUEwgn2KW50MssR7tdPeFoRGW.jpg,49,0
Danny DeVito,2022,2,1,Male,41.49100000000001,https://image.tmdb.org/t/p/original/gNHF2SNXFFCRqwIQ2Xv6r6aV6UD.jpg,50,0
Brendan Gleeson,2022,2,1,Male,40.109,https://image.tmdb.org/t/p/original/379TXtBPRrkBDrEBWPQ5v3up7kT.jpg,51,0
Joan Cusack,2022,2,1,Female,35.171,https://image.tmdb.org/t/p/original/69cfjfZFjVxfu2QbngnXOkipcyn.jpg,52,0
Joseph Gordon-Levitt,2022,2,1,Male,34.107,https://image.tmdb.org/t/p/original/dhv9f3AaozOjpvjAwVzOWlmmT2V.jpg,53,0
Kathryn Hahn,2022,2,1,Female,33.906,https://image.tmdb.org/t/p/original/9sVllAKfEls3SJD3GoPm2JEZoa5.jpg,54,0
Seth Rogen,2022,2,1,Male,33.345,https://image.tmdb.org/t/p/original/2dPFskUtoiG0xafsSEGl9Oz4teA.jpg,55,0
John Leguizamo,2022,2,1,Male,31.629,https://image.tmdb.org/t/p/original/kEbXDtcPJ46GEhj5QlCTLZS6PWE.jpg,56,0
Jude Law,2022,2,1,Male,29.858,https://image.tmdb.org/t/p/original/A6Y0m7qEe04ZTHKyYDLbnyCHNzn.jpg,57,0
Jennifer Jason Leigh,2022,2,1,Female,29.814,https://image.tmdb.org/t/p/original/7DbG2AO3nygHAkNC866HLPKkxv9.jpg,58,0
Kate Hudson,2022,2,1,Female,29.703000000000003,https://image.tmdb.org/t/p/original/vCSuPFndH3sbCYZdi1pMiKvzRIp.jpg,59,0
Joseph Cross,2022,2,1,Male,26.660999999999998,https://image.tmdb.org/t/p/original/exxcI1BPy7BFQvXWM5DiH7xpwPO.jpg,60,0
Chris Rock,2022,2,1,Male,26.403000000000002,https://image.tmdb.org/t/p/original/cqI8yQ00GNDV3PAAz5UeLj7vOX0.jpg,61,0
Patrick Wilson,2022,2,1,Male,25.761999999999997,https://image.tmdb.org/t/p/original/tc1ezEfIY8BhCy85svOUDtpBFPt.jpg,62,0
Sissy Spacek,2022,2,1,Female,21.014,https://image.tmdb.org/t/p/original/xAxenjxjLNQFq4v1ccS2to3Mnoq.jpg,63,0
Jenny Slate,2022,2,1,Female,20.634,https://image.tmdb.org/t/p/original/hqLygFKiylb1hchgu113NP5r7iM.jpg,64,0
Frances McDormand,2022,2,1,Female,18.009,https://image.tmdb.org/t/p/original/r0A7hZsM1zuavTr0jN7bwmBcliR.jpg,65,0
Joe Pantoliano,2022,2,1,Male,17.144000000000002,https://image.tmdb.org/t/p/original/cXMOad9KKVBK1lg8EjEbcNPn1OT.jpg,66,0
Catherine Keener,2022,2,1,Female,16.796,https://image.tmdb.org/t/p/original/n4CTwGszs6cwS1wJRlDQ5Mlh7Ex.jpg,67,0
Oliver Platt,2022,2,1,Male,15.934000000000001,https://image.tmdb.org/t/p/original/toAVx1NyoVbFkxh0ydRsD1fP6pV.jpg,68,0
Dennis Haysbert,2022,2,1,Male,13.387,https://image.tmdb.org/t/p/original/e8wLUoY29UDB5RAAglp8vPttUHr.jpg,69,0
Lil Rel Howery,2022,2,1,Male,11.417,https://image.tmdb.org/t/p/original/9MDi35Fy6ym7SYbO3B04vf1vBnm.jpg,70,0
Loretta Devine,2022,2,1,Female,9.57,https://image.tmdb.org/t/p/original/cGTQ0X19bkMWqL6O00JK2t6uJBK.jpg,71,0
Sarita Choudhury,2022,2,1,Female,7.921,https://image.tmdb.org/t/p/original/pABEOxQAns54tHpxN2w73b7SiPB.jpg,72,0
Tracy Letts,2022,2,1,Male,7.068,https://image.tmdb.org/t/p/original/pLNlJhogyILFhWscdXtEMmAb9NN.jpg,73,0
Tori Spelling,2022,2,1,Female,6.525,https://image.tmdb.org/t/p/original/xUPnjmmMcOdAHVhZL5b88MrJi7R.jpg,74,0
Paul Mescal,2022,2,1,Male,6.288,https://image.tmdb.org/t/p/original/nYhDTjfCqVNm0kq2xPYB1ZdQOCN.jpg,75,0
Carrie Fisher,2022,2,1,Female,6.242000000000001,https://image.tmdb.org/t/p/original/veakLIqGCbG0ek3YKfrlzcF72CG.jpg,76,0
Jill Clayburgh,2022,2,1,Female,5.829,https://image.tmdb.org/t/p/original/ruTMoRcRwdAdTHXl78SQX1tpeHA.jpg,77,0
Jason Mitchell,2022,2,1,Male,5.216,https://image.tmdb.org/t/p/original/lRWLVXSqVFCEtdD4DlAdRnROtH8.jpg,78,0
Maluma,2022,2,1,Male,3.585,https://image.tmdb.org/t/p/original/2G5nw9Kbhe2UeC9P8ShPWroPCsD.jpg,79,0
John Wood,2022,2,1,Male,3.412,https://image.tmdb.org/t/p/original/6raTQciey2xpcVV5c8HRV4XzFCk.jpg,80,0
Bowen Yang,2022,2,1,Male,2.6310000000000002,https://image.tmdb.org/t/p/original/lrebxaz4BGJucBW79cakZ0HsSa1.jpg,81,0
Willem Dafoe,2022,2,0,Male,66.395,https://image.tmdb.org/t/p/original/ui8e4sgZAwMPi3hzEO53jyBJF9B.jpg,82,0
Barry Keoghan,2022,2,0,Male,38.224000000000004,https://image.tmdb.org/t/p/original/15xPjrzSbtXlbQUhmLpQUil4tCN.jpg,83,0
Timothy Olyphant,2022,2,0,Male,33.665,https://image.tmdb.org/t/p/original/sQ4ge2wu0kK7MtQjnLtp988vCLs.jpg,84,0
Ed Harris,2022,2,0,Male,30.899,https://image.tmdb.org/t/p/original/ryF0KkljweLhPkQ70x6w3u9Qjjj.jpg,85,0
Andy Serkis,2022,2,0,Male,28.186999999999998,https://image.tmdb.org/t/p/original/eNGqhebQ4cDssjVeNFrKtUvweV5.jpg,86,0
Carolyn Jones,2022,2,0,Female,27.689,https://image.tmdb.org/t/p/original/ylA0xqACyD6mXS2e9d5cuI9wKut.jpg,87,0
Keith David,2022,2,0,Male,24.436999999999998,https://image.tmdb.org/t/p/original/jJLJuR7FNHYL1fB5igjj7IXzOel.jpg,88,0
Jeffrey Wright,2022,2,0,Male,23.103,https://image.tmdb.org/t/p/original/yGcuHGW4glqRpOPxgiCvjcren7F.jpg,89,0
Heather Graham,2022,2,0,Female,20.964000000000002,https://image.tmdb.org/t/p/original/avYdNkeg1oTvmrNJbFDcTlBCkKs.jpg,90,0
David Krumholtz,2022,2,0,Male,19.297,https://image.tmdb.org/t/p/original/6M2kk44Z1DyUhuVGyy2UDbCKZuM.jpg,91,0
Sarah Michelle Gellar,2022,2,0,Female,18.479,https://image.tmdb.org/t/p/original/sCpCv2ldnrAQN9NVQOE6PYxG8TN.jpg,92,0
Jason Isaacs,2022,2,0,Male,18.05,https://image.tmdb.org/t/p/original/nlim5RpNgpNcN0BWhhOCWmaMEHI.jpg,93,0
Peter Sarsgaard,2022,2,0,Male,17.292,https://image.tmdb.org/t/p/original/jOc4VjxPaOkWOqnLCxd8BJy9g5i.jpg,94,0
Judi Dench,2022,2,0,Female,16.819000000000003,https://image.tmdb.org/t/p/original/cpna5VGvAxuKuC31xJPBKy9zbnv.jpg,95,0
Corey Stoll,2022,2,0,Male,16.733,https://image.tmdb.org/t/p/original/etqmosIyf1xePKpi3i6rHJCm9GE.jpg,96,0
Ralph Ineson,2022,2,0,Male,16.733,https://image.tmdb.org/t/p/original/5BRjuGt1hgfK2qj5huvPuj9Xpg3.jpg,96,0
Richard Jenkins,2022,2,0,Male,16.222,https://image.tmdb.org/t/p/original/muT3RZG9hiKaKojD751RcQ5tGEy.jpg,97,0
Kevin Chapman,2022,2,0,Male,15.919,https://image.tmdb.org/t/p/original/sCUwtlhaT2MspHCUx2veRAA9ZXx.jpg,98,0
David Strathairn,2022,2,0,Male,15.732999999999999,https://image.tmdb.org/t/p/original/fhkvTcrCDPTAclTnE7sqQS1NZKq.jpg,99,0
Gabrielle Union,2022,2,0,Female,15.421,https://image.tmdb.org/t/p/original/eUZdWvl4KShH6GBkNG5X6bJbniF.jpg,100,0
Michael Madsen,2022,2,0,Male,15.234000000000002,https://image.tmdb.org/t/p/original/AnQm8pXVbMicr4U0IRsOascthVI.jpg,101,0
Thomas Lennon,2022,2,0,Male,14.879000000000001,https://image.tmdb.org/t/p/original/s8pw7BfuMxN7P0p5XJ9POfod7zW.jpg,102,0
John Michael Higgins,2022,2,0,Male,14.624,https://image.tmdb.org/t/p/original/1McAEXIhRW2Q3LJsX3os90UXcJz.jpg,103,0
Marley Shelton,2022,2,0,Female,14.482000000000001,https://image.tmdb.org/t/p/original/6fqY7QzZI5yoCCJZpvX0MceL6kZ.jpg,104,0
Embeth Davidtz,2022,2,0,Female,14.363,https://image.tmdb.org/t/p/original/nwsdu9lOsKJ5v9RwOCc7kAiuxSO.jpg,105,0
Philip Baker Hall,2022,2,0,Male,13.915999999999999,https://image.tmdb.org/t/p/original/mC1wmuGSCyIQ7ABkfRe1jJV1FGV.jpg,106,0
Ken Leung,2022,2,0,Male,13.883,https://image.tmdb.org/t/p/original/hpatUP6u74gkpDRmn9voNY9V43O.jpg,107,0
Rita Wilson,2022,2,0,Female,13.068999999999999,https://image.tmdb.org/t/p/original/3c22ZCpoXjLbxA6NZerxIbQXDpu.jpg,108,0
Laurie Metcalf,2022,2,0,Female,12.969000000000001,https://image.tmdb.org/t/p/original/ixABJoiZcGv2FRBtdno6i3bVAcY.jpg,109,0
Skyler Gisondo,2022,2,0,Male,12.800999999999998,https://image.tmdb.org/t/p/original/lJ6Sh5duegwjpoKF0QmiFHbBDXr.jpg,110,0
Kelly Bishop,2022,2,0,Female,12.589,https://image.tmdb.org/t/p/original/8b0SGs60ZiWwoloLZJObJRLkLc3.jpg,111,0
Kevin Sussman,2022,2,0,Male,12.171,https://image.tmdb.org/t/p/original/tLqrE9uz6GKoeoDC7LU7cE6oF2Q.jpg,112,0
Denis O'Hare,2022,2,0,Male,12.01,https://image.tmdb.org/t/p/original/i1dL9PdMgyQvgfAZNXz2gaiUmn.jpg,113,0
Nick Offerman,2022,2,0,Male,11.055,https://image.tmdb.org/t/p/original/zhmWZEJkzqgkIbSqZmFtUm0AwUV.jpg,114,0
Dagmara Domińczyk,2022,2,0,Female,9.738999999999999,https://image.tmdb.org/t/p/original/lxQclVBcr5JqRwHKCWP4L092JG.jpg,115,0
Hunter Parrish,2022,2,0,Male,8.751000000000001,https://image.tmdb.org/t/p/original/6wLY0152iu5EHZLEjuLfBQ6ArBg.jpg,116,0
Finn Wittrock,2022,2,0,Male,7.055,https://image.tmdb.org/t/p/original/gwGMGTmli0uBF7eAhhXePWhYNFJ.jpg,117,0
Clifton Collins Jr.,2022,2,0,Male,6.718,https://image.tmdb.org/t/p/original/ceryVVubF74pgu13Y0KUqIzxOae.jpg,118,0
Eddie Griffin,2022,2,0,Male,6.4239999999999995,https://image.tmdb.org/t/p/original/m6HerbicIETBfBqLATWILb6jEix.jpg,119,0
Kathryn Hunter,2022,2,0,Female,6.077999999999999,https://image.tmdb.org/t/p/original/cVXR004q75laRSuayzpvw6iaQkU.jpg,120,0
Martin Milner,2022,2,0,Male,6.071000000000001,https://image.tmdb.org/t/p/original/2sEL4PauMRhLGnOyVwYtw5QP1YL.jpg,121,0
Robin Bartlett,2022,2,0,Female,6.024,https://image.tmdb.org/t/p/original/bZS5omu7ZVmSQboNQZ999PrUXAj.jpg,122,0
Mary Kay Place,2022,2,0,Female,5.9155,https://image.tmdb.org/t/p/original/2kMJaI9g9kOMw7BXb8tlztUxQZe.jpg,123,0
Norma Varden,2022,2,0,Female,5.614,https://image.tmdb.org/t/p/original/AnWZBcpYik0ndAOaIvO8jaNvsrM.jpg,124,0
Stephen Kunken,2022,2,0,Male,5.336,https://image.tmdb.org/t/p/original/4WbttnF6FOrx0DjKYoW9atYw21m.jpg,125,0
Louisa Krause,2022,2,0,Female,4.785,https://image.tmdb.org/t/p/original/xkIx3PWJUumeUjOa2b3GPdMHp46.jpg,126,0
Barbara Garrick,2022,2,0,Female,4.418,https://image.tmdb.org/t/p/original/q64Jcnlf6Mz6cGCNlsUJ0mJMTLR.jpg,127,0
John Williams,2022,2,0,Male,4.154,https://image.tmdb.org/t/p/original/vuzozbHJSejHIa5tIWpbEIn7wc4.jpg,128,0
Sabrina Grdevich,2022,2,0,Female,3.4539999999999997,https://image.tmdb.org/t/p/original/pcTeiiMSRUbgqQ60v0TuiDHvBze.jpg,129,0
Patrick Aherne,2022,2,0,Male,3.043,https://i0.wp.com/s.ltrbxd.com/static/img/avatar1000.a71b6e9c.png?ssl=1,130,0
Isabelle Kusman,2022,2,0,Male,2.7460000000000004,https://image.tmdb.org/t/p/original/unWHWnH5iNjdK5FXkJAOWdWeRFj.jpg,131,0
Roscoe Karns,2022,2,0,Male,2.535,https://image.tmdb.org/t/p/original/uglIhGytbfyGhppGxn1ed1wQpw0.jpg,132,0
Orlagh Cassidy,2022,2,0,Male,2.305,https://image.tmdb.org/t/p/original/oF0M60D6X9JUwrMIAEzB13oorbL.jpg,133,0
Michael Mantell,2022,2,0,Male,2.188,https://image.tmdb.org/t/p/original/wZ8XkAkpok05jQthvy0H8iGoXrz.jpg,134,0
Leoda Richards,2022,2,0,Female,1.976,https://i0.wp.com/s.ltrbxd.com/static/img/avatar1000.a71b6e9c.png?ssl=1,135,0
Mae Marsh,2022,2,0,Female,1.9069999999999998,https://image.tmdb.org/t/p/original/1PDFSBQCwJ1yteuffEJgwSrAVra.jpg,136,0
Colin Kenny,2022,2,0,Male,1.76,https://image.tmdb.org/t/p/original/1oLXhIuKl5z5KTLVJuy44F455rn.jpg,137,0
Ruth Clifford,2022,2,0,Female,1.722,https://image.tmdb.org/t/p/original/6kZ6bEwbHeBaDtdCEHbHxKjHUm1.jpg,138,0
Eve Lindley,2022,2,0,Female,1.7169999999999999,https://image.tmdb.org/t/p/original/taSn2HAN4vMGMMTpu9drv5YzkZS.jpg,139,0
William H. O'Brien,2022,2,0,Male,1.646,https://image.tmdb.org/t/p/original/tDqUL7sIoO8BpmCYDH51SNkSmMB.jpg,140,0
Harold Miller,2022,2,0,Male,1.5759999999999998,https://image.tmdb.org/t/p/original/aqUMczw1ohojrCRHniSsODhcvR7.jpg,141,0
Ron Nyman,2022,2,0,Male,1.382,https://image.tmdb.org/t/p/original/oWUrK1rcvMulqQqyTo9QYm9qtGG.jpg,142,0
Ts Madison,2022,2,0,Female,1.334,https://image.tmdb.org/t/p/original/m2U49AZmJMe8dXyz3Asg2edeUyW.jpg,143,0
William Bailey,2022,2,0,Male,1.182,https://image.tmdb.org/t/p/original/wyypOiQNUZ7U756vI46SPgm7nAm.jpg,144,0
Meryl Streep,2021,5,5,Female,13.575,https://image.tmdb.org/t/p/original/emAAzyK1rJ6aiMi0wsWYp51EC3h.jpg,145,1
Ralph Fiennes,2021,5,4,Male,37.378,https://image.tmdb.org/t/p/original/tJr9GcmGNHhLVVEH3i7QYbj6hBi.jpg,146,1
Keanu Reeves,2021,5,3,Male,38.001999999999995,https://image.tmdb.org/t/p/original/4D0PpNI0kmP58hgrwGC3wCjxhnm.jpg,147,0
David Strathairn,2021,5,2,Male,15.732999999999999,https://image.tmdb.org/t/p/original/fhkvTcrCDPTAclTnE7sqQS1NZKq.jpg,148,0
Isabelle Huppert,2021,4,4,Female,21.956,https://image.tmdb.org/t/p/original/3YQwWkpNKQeV5NUmdCH76Ne1gDP.jpg,149,0
Deborah Kerr,2021,4,4,Female,9.463,https://image.tmdb.org/t/p/original/dHFhOEhHnn5cQjQN29IGRxzoxBP.jpg,150,0
Jeanne Moreau,2021,4,3,Female,9.822000000000001,https://image.tmdb.org/t/p/original/mYRXwbzmZgqQOr1mYqbtcdugCkV.jpg,151,0
Frances McDormand,2021,4,2,Female,18.009,https://image.tmdb.org/t/p/original/r0A7hZsM1zuavTr0jN7bwmBcliR.jpg,152,0
Juliette Binoche,2021,4,2,Female,13.616,https://image.tmdb.org/t/p/original/htdZZIroEyJaeHQAUTqokNfkPgl.jpg,153,0
Judi Dench,2021,4,1,Female,16.819000000000003,https://image.tmdb.org/t/p/original/cpna5VGvAxuKuC31xJPBKy9zbnv.jpg,154,0
Toni Collette,2021,3,3,Female,45.147,https://image.tmdb.org/t/p/original/lzXRh16qe4HHeBN6tMyw0DHvaMn.jpg,155,0
Richard Gere,2021,3,3,Male,43.94899999999999,https://image.tmdb.org/t/p/original/r7KO9hhivKVeH5XzxcoplUPjlwu.jpg,156,0
Tilda Swinton,2021,3,3,Female,34.165,https://image.tmdb.org/t/p/original/gWbX3a7V2MgRMRzekfITNcb27xV.jpg,157,0
Will Smith,2021,3,3,Male,33.132,https://image.tmdb.org/t/p/original/rqqhzESgnlxREv7Q8ZtjqBZtSry.jpg,158,0
Nicole Kidman,2021,3,3,Female,31.107,https://image.tmdb.org/t/p/original/jTtiPqW6VlNE9nTf4BuUzuIqzlR.jpg,159,0
Jennifer Jason Leigh,2021,3,3,Female,29.814000000000004,https://image.tmdb.org/t/p/original/7DbG2AO3nygHAkNC866HLPKkxv9.jpg,160,0
Michelle Pfeiffer,2021,3,3,Female,28.581,https://image.tmdb.org/t/p/original/oGUmQBU87QXAsnaGleYaAjAXSlj.jpg,161,0
Sam Neill,2021,3,3,Male,27.999000000000006,https://image.tmdb.org/t/p/original/bNZ03phkLewj8eUR6mGbKZ7jtmv.jpg,162,0
Joel Edgerton,2021,3,3,Male,22.161999999999995,https://image.tmdb.org/t/p/original/2YzeeiYUbI94Ywc7MVMo1NcN6jf.jpg,163,0
Carey Mulligan,2021,3,3,Female,21.885,https://image.tmdb.org/t/p/original/3B1PDEBAZKyNLUbXggU7C215BCs.jpg,164,0
Walter Matthau,2021,3,3,Male,14.209000000000001,https://image.tmdb.org/t/p/original/oAMxqfGR0C5Ru5vER9Y4OP6P0xR.jpg,165,0
Cameron Diaz,2021,3,3,Female,14.050999999999997,https://image.tmdb.org/t/p/original/tIWUyvmJayu8gtbrzCWC0L3H8kH.jpg,166,0
Cary Grant,2021,3,3,Male,9.914,https://image.tmdb.org/t/p/original/oF5Vj64OEEDAy7DzpBP0W8fSwC6.jpg,167,0
Drew Barrymore,2021,3,2,Female,62.229000000000006,https://image.tmdb.org/t/p/original/vCg538wASd6UlZcqD0a0KdgwMIQ.jpg,168,0
Angela Bassett,2021,3,2,Female,33.724000000000004,https://image.tmdb.org/t/p/original/7Oz53NKdglRzAzI2MKjM3eQXwn.jpg,169,0
Jeff Goldblum,2021,3,2,Male,29.171000000000003,https://image.tmdb.org/t/p/original/g3yaQSRPg9Rk6IvbIizoowmXKHJ.jpg,170,0
Jared Leto,2021,3,2,Male,28.758,https://image.tmdb.org/t/p/original/i6zIpHiKBnaHtacJU6qgeoDjiw1.jpg,171,0
Rami Malek,2021,3,2,Male,27.378,https://image.tmdb.org/t/p/original/ewr46CGOdsx5NzAJdIzEBz2yIQh.jpg,172,0
Mia Wasikowska,2021,3,2,Female,27.367,https://image.tmdb.org/t/p/original/9DjwPFi0aFQKOF6p2OyqH38qKAB.jpg,173,0
Maggie Smith,2021,3,2,Female,24.346999999999998,https://image.tmdb.org/t/p/original/qZyJ7DaOtkfqw58Iv7EqADi428P.jpg,174,0
Adam Driver,2021,3,2,Male,16.386,https://image.tmdb.org/t/p/original/mG2vwd6hJHTiCh8zIxPFND3ibAj.jpg,175,0
Christina Ricci,2021,3,1,Female,118.09499999999998,https://image.tmdb.org/t/p/original/m2cY5Er1loPgHkZYdFMEz6YeiwG.jpg,176,0
Timothée Chalamet,2021,3,1,Male,59.651,https://image.tmdb.org/t/p/original/fWcf1b3CEybhnE53xLpeAEl6WYJ.jpg,177,0
Kevin Bacon,2021,3,1,Male,37.719,https://image.tmdb.org/t/p/original/rjX2Oz3tCZMfSwOoIAyEhdtXnTE.jpg,178,0
Allison Janney,2021,3,1,Female,19.689,https://image.tmdb.org/t/p/original/hpBKWV1jjoXQbr1s0iUZTSvw582.jpg,179,0
Ben Kingsley,2021,3,1,Male,18.771,https://image.tmdb.org/t/p/original/vQtBqpF2HDdzbfXHDzR4u37i1Ac.jpg,180,0
Léa Seydoux,2021,3,1,Female,18.68,https://image.tmdb.org/t/p/original/7JAUieStGsHZAy6ed2WuFy4CJjm.jpg,181,0
Nathan Lane,2021,3,1,Male,14.693,https://image.tmdb.org/t/p/original/nEYS0KO1qVO3y0RAt8V8pFxnPb7.jpg,182,0
Julie Delpy,2021,3,1,Female,13.491999999999999,https://image.tmdb.org/t/p/original/rd40f4QpAUUne3hMaUhHrZtcK2c.jpg,183,0
Michael McKean,2021,3,1,Male,10.01,https://image.tmdb.org/t/p/original/xuEZeuylzznJcf0nDs1RlvuzaPr.jpg,184,0
Zoë Bell,2021,3,1,Female,9.225,https://image.tmdb.org/t/p/original/fDckmfcIrrdcOgyGifVF2FvQtiE.jpg,185,0
Parker Posey,2021,3,1,Female,8.933,https://image.tmdb.org/t/p/original/rLtUcJyLpS6cEA8lcbICIafgXf.jpg,186,0
Bob Balaban,2021,3,1,Male,7.329,https://image.tmdb.org/t/p/original/tLUlpF9EDxxRh6nM8AZ5BsPKc2B.jpg,187,0
Ed Begley Jr.,2021,3,1,Male,6.349999999999999,https://image.tmdb.org/t/p/original/cdS6hZVabhpQ3UdIK0HNvYXj5IM.jpg,188,0
Ronny Chieng,2021,3,1,Male,4.428,https://image.tmdb.org/t/p/original/nn1y0te102CvakOJ0rSJ7rYPLDF.jpg,189,0
Zbigniew Zamachowski,2021,3,1,Male,2.2680000000000002,https://image.tmdb.org/t/p/original/mLntjL4Jp1LEz41NgcrHlsB7OmB.jpg,190,0
Volker Spengler,2021,3,1,Male,1.736,https://image.tmdb.org/t/p/original/8Sp51c1dL4XrLp4klyakr0UzD6E.jpg,191,0
Jennifer Coolidge,2021,3,0,Female,60.114,https://image.tmdb.org/t/p/original/fU3MWqENdkD3Gkw59UtxB19cOD1.jpg,192,0
Jeffrey Wright,2021,3,0,Male,23.102999999999998,https://image.tmdb.org/t/p/original/yGcuHGW4glqRpOPxgiCvjcren7F.jpg,193,0
Amy Sedaris,2021,3,0,Female,15.199999999999998,https://image.tmdb.org/t/p/original/uOqDhpe44mYMFvj8TRFPQh3tk1P.jpg,194,0
Catherine O'Hara,2021,3,0,Female,13.415999999999999,https://image.tmdb.org/t/p/original/47h3qJi47TgWNDNmhYRHhfgLMiO.jpg,195,0
Rob Morgan,2021,3,0,Male,11.261000000000001,https://image.tmdb.org/t/p/original/yIQd0L0kn1HyZGeEMkUREzMslP0.jpg,196,0
Gunnar Björnstrand,2021,3,0,Male,6.226,https://image.tmdb.org/t/p/original/vkEY3nex3G0PMMnJ11Kamt4yod.jpg,197,0
Isolde Barth,2021,3,0,Female,1.1840000000000002,https://image.tmdb.org/t/p/original/nYUvJewwKevpDp7ho3kRMSTUZip.jpg,198,0
Cherry Jones,2021,2,3,Female,9.252,https://image.tmdb.org/t/p/original/kXvzR2JFgTQhaUdMVZi23KXDB8c.jpg,199,0
Daniel Craig,2021,2,2,Male,66.548,https://image.tmdb.org/t/p/original/akdV5Z4VTO4j8GBwOrO5W4xzrUJ.jpg,200,0
Denzel Washington,2021,2,2,Male,55.43,https://image.tmdb.org/t/p/original/AHUnhGbnWnjin4M2sNdZYAei9h.jpg,201,0
Leonardo DiCaprio,2021,2,2,Male,53.156000000000006,https://image.tmdb.org/t/p/original/wo2hJpn04vbtmh0B9utCFdsQhxM.jpg,202,0
Kurt Russell,2021,2,2,Male,38.299,https://image.tmdb.org/t/p/original/6g1d98oH4miG4k0ZiZWmF3Dt0bO.jpg,203,0
Winona Ryder,2021,2,2,Female,37.224000000000004,https://image.tmdb.org/t/p/original/f7cJ1MQeXep19jlzvyJOstnkHMV.jpg,204,0
Michael Fassbender,2021,2,2,Male,36.166,https://image.tmdb.org/t/p/original/e7SxBHtAxTyNE4GdOrHD7kqkukm.jpg,205,0
Alexander Skarsgård,2021,2,2,Male,31.929000000000002,https://image.tmdb.org/t/p/original/dMKGWNQMkG7KXQOddguThAJyQWt.jpg,206,0
Rosario Dawson,2021,2,2,Female,31.735,https://image.tmdb.org/t/p/original/wOl6QskSwla4tWv4ZWlmSwz7S7U.jpg,207,0
Mark Ruffalo,2021,2,2,Male,30.160999999999998,https://image.tmdb.org/t/p/original/5GilHMOt5PAQh6rlUKZzGmaKEI7.jpg,208,0
Aldis Hodge,2021,2,2,Male,28.688000000000002,https://image.tmdb.org/t/p/original/jPpnaAGFXaIeOrRNUHIHxk3fIJL.jpg,209,0
Julianne Moore,2021,2,2,Female,28.528000000000002,https://image.tmdb.org/t/p/original/3YF19rWusxWfEI59ZM33dFhasRq.jpg,210,0
Lily James,2021,2,2,Female,28.03,https://image.tmdb.org/t/p/original/hi9MRy2WhlMqlDZJP1SEvK1256V.jpg,211,0
Julia Roberts,2021,2,2,Female,27.837,https://image.tmdb.org/t/p/original/AhQMyQ10kz5g8Y3Fp54GPhgDxQS.jpg,212,0
Woody Harrelson,2021,2,2,Male,26.676,https://image.tmdb.org/t/p/original/gaibtvUFIlwHzRvNKV5UfrR4GCM.jpg,213,0
Robert Redford,2021,2,2,Male,23.941999999999997,https://image.tmdb.org/t/p/original/hNiy78lk26xTE6tjisSCowcOVw0.jpg,214,0
Diane Keaton,2021,2,2,Female,23.773000000000003,https://image.tmdb.org/t/p/original/7gEdH5vGwpUpogscTb2JivnoRBb.jpg,215,0
Emma Thompson,2021,2,2,Female,23.165,https://image.tmdb.org/t/p/original/xr8Ki3CIqweWWqS5q0kUYdiK6oQ.jpg,216,0
Glenn Close,2021,2,2,Female,22.674,https://image.tmdb.org/t/p/original/4VHZ1GfLwN7MUgApy0LCBzdDF9L.jpg,217,0
Kristen Wiig,2021,2,2,Female,21.904,https://image.tmdb.org/t/p/original/N517EQh7j4mNl3BStMmjMN6hId.jpg,218,0
Matthew Broderick,2021,2,2,Male,20.432000000000002,https://image.tmdb.org/t/p/original/8jO89WNvQRTFUrgXuIGOiTRwbYg.jpg,219,0
Burt Lancaster,2021,2,2,Male,19.475,https://image.tmdb.org/t/p/original/hQBgFAdk1BrSum7LN4B67m3gj0U.jpg,220,0
Tony Leung Chiu-wai,2021,2,2,Male,19.125999999999998,https://image.tmdb.org/t/p/original/ybe5FGhJShc6qJqA0vsxfLkFXgY.jpg,221,0
Benicio del Toro,2021,2,2,Male,18.743,https://image.tmdb.org/t/p/original/cVh4UgCMu6aAkZ2BqymTLV86FzZ.jpg,222,0
Anthony Hopkins,2021,2,2,Male,17.684,https://image.tmdb.org/t/p/original/9ukJS2QWTJ22HcwR1ktMmoJ6RSL.jpg,223,0
Dev Patel,2021,2,2,Male,17.508,https://image.tmdb.org/t/p/original/jt08kAMlC7s9MJ8PupHBUjY0Ruc.jpg,224,0
Peter Falk,2021,2,2,Male,16.84,https://image.tmdb.org/t/p/original/5HhzU8ErKK5tUSRMUAE8P4n26C0.jpg,225,0
Jack Nicholson,2021,2,2,Male,16.517,https://image.tmdb.org/t/p/original/6h12pZsgj3WWjMtykUgfLkLEBWz.jpg,226,0
Paul Newman,2021,2,2,Male,15.482000000000001,https://image.tmdb.org/t/p/original/bP2fByqNR7BorsUNuD6nSm0u2vJ.jpg,227,0
Shelley Winters,2021,2,2,Female,15.197000000000001,https://image.tmdb.org/t/p/original/sY7LVp0M8yJgFD0o2uAIJgfLGm9.jpg,228,0
Robert Shaw,2021,2,2,Male,14.937000000000001,https://image.tmdb.org/t/p/original/yREsJFk92mVEagAIO6IJra0LqUq.jpg,229,0
Toshirō Mifune,2021,2,2,Male,14.122,https://image.tmdb.org/t/p/original/2GU6d2jm2J644FmYxxl4sbq52Bl.jpg,230,0
Christopher Guest,2021,2,2,Male,12.897,https://image.tmdb.org/t/p/original/blRS1tkcgZROLC7ObGigFEzvp2r.jpg,231,0
Ruth Negga,2021,2,2,Female,12.86,https://image.tmdb.org/t/p/original/eUnSUgbD050mKSCqOJvXplAiF9S.jpg,232,0
Gugu Mbatha-Raw,2021,2,2,Female,12.719000000000001,https://image.tmdb.org/t/p/original/6QInv8etQHXTbiMkJTzftvJ40RP.jpg,233,0
Catherine Deneuve,2021,2,2,Female,12.588,https://image.tmdb.org/t/p/original/pZ1GpsaK2aBQ8jHQen0h3RB3TNP.jpg,234,0
Elisabeth Moss,2021,2,2,Female,12.298,https://image.tmdb.org/t/p/original/vZDe22EtLtcHvPr28l4ZM0b7qjG.jpg,235,0
Dirk Bogarde,2021,2,2,Male,12.129000000000001,https://image.tmdb.org/t/p/original/5QsoxIxNEdbkD4fpLgmTdZ31Z8F.jpg,236,0
Jason Patric,2021,2,2,Male,11.948,https://image.tmdb.org/t/p/original/iv21ZjE90f9QNiNONKF9Lp6ZD68.jpg,237,0
Ingrid Bergman,2021,2,2,Female,10.898,https://image.tmdb.org/t/p/original/ncKMKRkK5JpCZ2c4A5e9erN8w0j.jpg,238,0
Gena Rowlands,2021,2,2,Female,8.707,https://image.tmdb.org/t/p/original/7Hda4UFbmpufKnk48KpBuH7j05j.jpg,239,0
Saniyya Sidney,2021,2,2,Female,8.001,https://image.tmdb.org/t/p/original/y47xWvuXipPgPEkz7uOvYx5XR7s.jpg,240,0
John Getz,2021,2,2,Male,5.98,https://image.tmdb.org/t/p/original/NL52y1nH5SZMlJKfKpPBnofoJk.jpg,241,0
Danielle Darrieux,2021,2,2,Female,4.4719999999999995,https://image.tmdb.org/t/p/original/AgvxGJ4HQLFYj00OqraKMnS5N3i.jpg,242,0
Claire Maurier,2021,2,2,Female,4.395,https://image.tmdb.org/t/p/original/rlMYKpiTIzZCw2ee3YGENJZQKPC.jpg,243,0
Annie Girardot,2021,2,2,Female,3.713,https://image.tmdb.org/t/p/original/qNioeFO3GcaIHDT5Mhb8SYMLqC.jpg,244,0
Mae West,2021,2,2,Female,3.49,https://image.tmdb.org/t/p/original/xtlUd8VnOor4OuA8dexgDG9JlIP.jpg,245,0
Margit Carstensen,2021,2,2,Female,3.1310000000000002,https://image.tmdb.org/t/p/original/8mD23Pnu9zl4qB4qk6J0gV2UoUy.jpg,246,0
Ana de Armas,2021,2,1,Female,92.04899999999999,https://image.tmdb.org/t/p/original/vkoSSVrGxFYvtr2uUdz99ENXF1v.jpg,247,0
Uma Thurman,2021,2,1,Female,43.824,https://image.tmdb.org/t/p/original/pGyACejvvLI6tB0gFQ2rCjwqKvd.jpg,248,0
Michelle Monaghan,2021,2,1,Female,35.277,https://image.tmdb.org/t/p/original/1orX1Q1YLodyxdXBSRJMDoDUi12.jpg,249,0
J.K. Simmons,2021,2,1,Male,33.453,https://image.tmdb.org/t/p/original/jPoNW5fugs5h8AbcE7H5OBm04Tm.jpg,250,0
Colin Farrell,2021,2,1,Male,33.365,https://image.tmdb.org/t/p/original/vVqrAhZpojAtp874wBaaFt5T4dN.jpg,251,0
Salma Hayek,2021,2,1,Female,32.815,https://image.tmdb.org/t/p/original/a1VhN6kvw4tuRrIvGnvAjHAWnD5.jpg,252,0
Lisa Kudrow,2021,2,1,Female,31.78,https://image.tmdb.org/t/p/original/9YNzHuT7L0wdEl3zua6iUYz5tYT.jpg,253,0
Jon Favreau,2021,2,1,Male,29.039,https://image.tmdb.org/t/p/original/8MtRRnEHaBSw8Ztdl8saXiw1egP.jpg,254,0
Laurence Fishburne,2021,2,1,Male,28.035,https://image.tmdb.org/t/p/original/aBRISux1AGCqkFNTKHYfLcJunWA.jpg,255,0
Holly Hunter,2021,2,1,Female,26.775,https://image.tmdb.org/t/p/original/oNoFAi0AQXDP68tv7c7t5WjYioy.jpg,256,0
Tom Berenger,2021,2,1,Male,25.486,https://image.tmdb.org/t/p/original/zLxzAdAfu7y02yEx29JSLDgXJZ4.jpg,257,0
Jeremy Irons,2021,2,1,Male,25.178,https://image.tmdb.org/t/p/original/w8Ct1q02Ht3sWdOSqfp3B85TzT.jpg,258,0
Dan Aykroyd,2021,2,1,Male,24.353,https://image.tmdb.org/t/p/original/iVMmeVJx8IpCEjlGBZWzIWvX5Qo.jpg,259,0
Donna Reed,2021,2,1,Female,24.158,https://image.tmdb.org/t/p/original/ex90rTnQ9DZy3GsHC8lKEw1wTo0.jpg,260,0
Eiza González,2021,2,1,Female,22.774,https://image.tmdb.org/t/p/original/w2pZ8gLqZNguj8cqrDGbMw2Ibj0.jpg,261,0
Javier Bardem,2021,2,1,Male,22.74,https://image.tmdb.org/t/p/original/IShnFg6ijWhpbu29dFBd9PtqQg.jpg,262,0
Whoopi Goldberg,2021,2,1,Female,22.599,https://image.tmdb.org/t/p/original/78LZMMzNUJVfLI1MObxejScwZz5.jpg,263,0
Billy Bob Thornton,2021,2,1,Male,21.379,https://image.tmdb.org/t/p/original/uJBFml6efjg34u2jvT5ugVa1cPI.jpg,264,0
John C. Reilly,2021,2,1,Male,21.331,https://image.tmdb.org/t/p/original/iDQ8w4qcxU3le5ZWoCKpHs1QNok.jpg,265,0
Paul Giamatti,2021,2,1,Male,21.298000000000002,https://image.tmdb.org/t/p/original/wbrVVJRr5TwhDZuvijBgOorzcAb.jpg,266,0
Gwyneth Paltrow,2021,2,1,Female,21.019000000000002,https://image.tmdb.org/t/p/original/slPWN0VvYJtNOEuxlFSsXSNQMaF.jpg,267,0
Annabeth Gish,2021,2,1,Female,19.489,https://image.tmdb.org/t/p/original/wfUaE95xUJ3Kh5okDpUMZNmbcom.jpg,268,0
Harvey Keitel,2021,2,1,Male,18.794,https://image.tmdb.org/t/p/original/7P30hza1neYWW3r7rSQOC736K2Z.jpg,269,0
Anjelica Huston,2021,2,1,Female,17.993,https://image.tmdb.org/t/p/original/6hnYeHa7Rc1w1MmQ3JsLSIb7yCX.jpg,270,0
Joan Allen,2021,2,1,Female,17.096,https://image.tmdb.org/t/p/original/2w40UhN3WoW9G9EkLzhDcfF3t9W.jpg,271,0
Jesse Plemons,2021,2,1,Male,16.758,https://image.tmdb.org/t/p/original/pLYgLYmUOG09BygGZhivNVOB8g0.jpg,272,0
Cary Elwes,2021,2,1,Male,16.465999999999998,https://image.tmdb.org/t/p/original/9UszBdQJ9PmyBydIeIBxlStozhW.jpg,273,0
James Cromwell,2021,2,1,Male,16.312,https://image.tmdb.org/t/p/original/vpNQQbM5PtxsYmVm4oh79SGFyUK.jpg,274,0
Richard Jenkins,2021,2,1,Male,16.222,https://image.tmdb.org/t/p/original/muT3RZG9hiKaKojD751RcQ5tGEy.jpg,275,0
Rose McGowan,2021,2,1,Female,16.153,https://image.tmdb.org/t/p/original/38zwwYnEWfATlVTSZ2tOSHtCd3k.jpg,276,0
Carrie-Anne Moss,2021,2,1,Female,15.843,https://image.tmdb.org/t/p/original/xD4jTA3KmVp5Rq3aHcymL9DUGjD.jpg,277,0
William Hurt,2021,2,1,Male,15.552999999999999,https://image.tmdb.org/t/p/original/j3mjmuHLBW4XQSw53C8Sh0Lh3ZQ.jpg,278,0
Martin Balsam,2021,2,1,Male,14.497,https://image.tmdb.org/t/p/original/2j4LJJfTPQtvnjp8LfSGOvWFATO.jpg,279,0
Shirley MacLaine,2021,2,1,Female,13.925999999999998,https://image.tmdb.org/t/p/original/mpW9c34IAFPW0ODuKR8J0FAqN5i.jpg,280,0
Dianne Wiest,2021,2,1,Female,13.887,https://image.tmdb.org/t/p/original/axqtFLgJNNz0N9i443USHCOvrmY.jpg,281,0
Charlotte Rampling,2021,2,1,Female,13.837,https://image.tmdb.org/t/p/original/5U35yScoao1hf6SibbMZcld2CJd.jpg,282,0
Bruce Greenwood,2021,2,1,Male,13.554,https://image.tmdb.org/t/p/original/rVpyddWneBBYYzYhMRmWoHMg3Hg.jpg,283,0
Corey Feldman,2021,2,1,Male,12.845999999999998,https://image.tmdb.org/t/p/original/9n5xDsrBFY0AFESmXOJEzEj4ezx.jpg,284,0
Lakeith Stanfield,2021,2,1,Male,12.342,https://image.tmdb.org/t/p/original/28YfGuru3Gjgc0PoTN6z3aRRQsD.jpg,285,0
Daniel Day-Lewis,2021,2,1,Male,11.83,https://image.tmdb.org/t/p/original/3kNA9VcmymoEwT0btQ4bvMYxzcP.jpg,286,0
Lili Taylor,2021,2,1,Female,11.087,https://image.tmdb.org/t/p/original/if8rbaj1TXlzg0Oq4g0bpU3b5rh.jpg,287,0
Yahya Abdul-Mateen II,2021,2,1,Male,11.038,https://image.tmdb.org/t/p/original/aBDebGZs2pAucyaK4EhHVJGm0Xu.jpg,288,0
Dan Hedaya,2021,2,1,Male,11.001,https://image.tmdb.org/t/p/original/snVHnoQk6K1WkikJWW0rGpOGxFV.jpg,289,0
Linda Fiorentino,2021,2,1,Female,10.788,https://image.tmdb.org/t/p/original/kG0O5DRNJfIgxqv9eXkCq8eeR9U.jpg,290,0
Alia Shawkat,2021,2,1,Female,10.624,https://image.tmdb.org/t/p/original/aUc0hlILKfDKhlKnWQliGjkQL9a.jpg,291,0
John Cassavetes,2021,2,1,Male,10.499,https://image.tmdb.org/t/p/original/2Bo1ipVthg8uKP26mNGykChukA8.jpg,292,0
Takashi Shimura,2021,2,1,Male,9.475,https://image.tmdb.org/t/p/original/ydyAm2vyBbEPZRICIMqqjDm0NM9.jpg,293,0
Edward Herrmann,2021,2,1,Male,8.996,https://image.tmdb.org/t/p/original/sO9IoAlw3CLJZT6UF35cZBcTYRV.jpg,294,0
Nino Castelnuovo,2021,2,1,Male,8.828,https://image.tmdb.org/t/p/original/8U6cRFqp5oWNcCRHqX9udxkB712.jpg,295,0
Sylvia Syms,2021,2,1,Female,8.587,https://image.tmdb.org/t/p/original/itv1B0z5unMZ8VQ6nrCfn2dxf98.jpg,296,0
Eamon Farren,2021,2,1,Male,8.104,https://image.tmdb.org/t/p/original/80VSnsS2HRVeJR62QtSwrHvtzjx.jpg,297,0
Harry Shearer,2021,2,1,Male,8.088,https://image.tmdb.org/t/p/original/au1mO0Mb9gni7h0rJCSokBTDnVf.jpg,298,0
Tig Notaro,2021,2,1,Female,6.682,https://image.tmdb.org/t/p/original/tdZ6XLzIaK0HWWPSM2B5OrOqUC0.jpg,299,0
Gottfried John,2021,2,1,Male,5.515,https://image.tmdb.org/t/p/original/duXWjkperrnUq094bgsYddJeIG0.jpg,300,0
Hanna Schygulla,2021,2,1,Female,5.296,https://image.tmdb.org/t/p/original/xi6QwN1CjTHfNOhcnsENMhAatxu.jpg,301,0
Mehdi Nebbou,2021,2,1,Male,3.951,https://image.tmdb.org/t/p/original/xNKYjzxYmFwX0jJrF8IUlAKNvxM.jpg,302,0
Lillete Dubey,2021,2,1,Female,3.67,https://image.tmdb.org/t/p/original/qeAlaycZ3ATHr2P6LV1V5LeC4hV.jpg,303,0
Jayne Houdyshell,2021,2,1,Female,3.353,https://image.tmdb.org/t/p/original/AlYIzwmfxuZ0yvU4L9F9h0tJGmZ.jpg,304,0
Julieta Serrano,2021,2,1,Female,3.0660000000000003,https://image.tmdb.org/t/p/original/3eVHZ5gieSxNYUJRXaYLDaljDQO.jpg,305,0
Ingrid Caven,2021,2,1,Female,2.5810000000000004,https://image.tmdb.org/t/p/original/lTgtHMJoUVYd9zmak0WvhzeGHOE.jpg,306,0
Benoît Régent,2021,2,1,Male,2.296,https://image.tmdb.org/t/p/original/hSCNZq6w24lJUTJpRNyiVTtQ9lL.jpg,307,0
Jo Firestone,2021,2,1,Female,2.211,https://image.tmdb.org/t/p/original/i0XjWqXie1Pheuw9LDvVgqHOqAz.jpg,308,0
Jamison Newlander,2021,2,1,Male,1.646,https://i0.wp.com/s.ltrbxd.com/static/img/avatar1000.a71b6e9c.png?ssl=1,309,0
Elaine May,2021,2,1,Female,1.4580000000000002,https://image.tmdb.org/t/p/original/vDx1oJb6UIGAVmtJ2sItcyEZG77.jpg,310,0
Michelle Yeoh,2021,2,0,Female,67.93,https://image.tmdb.org/t/p/original/qFvhPkiAmZ3FijtRPGvEGBcF5nD.jpg,311,0
Mark Strong,2021,2,0,Male,37.178000000000004,https://image.tmdb.org/t/p/original/3cNmatYsoifytg7TfQhI1EHow3v.jpg,312,0
Cliff Curtis,2021,2,0,Male,27.726999999999997,https://image.tmdb.org/t/p/original/3D6qz8vL6DWHAO3HeXeaSuwxq3s.jpg,313,0
Carol Kane,2021,2,0,Female,26.465999999999998,https://image.tmdb.org/t/p/original/4ZPnxUFgUHND5fv6MshT3YRDLmq.jpg,314,0
Mark Rylance,2021,2,0,Male,25.811,https://image.tmdb.org/t/p/original/bztEZRyXrvW3Pg1fexNASXlZrq7.jpg,315,0
Wallace Shawn,2021,2,0,Male,24.895,https://image.tmdb.org/t/p/original/wVaM1WlFKDce4esThwL4XtNLhOe.jpg,316,0
Dave Bautista,2021,2,0,Male,24.666999999999998,https://image.tmdb.org/t/p/original/snk6JiXOOoRjPtHU5VMoy6qbd32.jpg,317,0
Barry Pepper,2021,2,0,Male,24.622,https://image.tmdb.org/t/p/original/pmdNUqrpsoozh7QYqUgEgZQ69cA.jpg,318,0
Jeremy Strong,2021,2,0,Male,24.534000000000002,https://image.tmdb.org/t/p/original/jcMhXWICSi4QjQttJVhFSiKVvpF.jpg,319,0
Lance Reddick,2021,2,0,Male,24.105,https://image.tmdb.org/t/p/original/7itmzy8XrhWrBOTpNWqXc3l61ly.jpg,320,0
Dean Norris,2021,2,0,Male,23.057,https://image.tmdb.org/t/p/original/yV3DZ52LYRf5F605xRas5BEcJrZ.jpg,321,0
Karan Soni,2021,2,0,Male,21.881,https://image.tmdb.org/t/p/original/s7jfz0OA9PeCEf1Te5b2heOia0b.jpg,322,0
Amanda Peet,2021,2,0,Female,20.883000000000003,https://image.tmdb.org/t/p/original/ahuC3ksBIJ6A6lgzPnMuyVzx74K.jpg,323,0
Jerry Stiller,2021,2,0,Male,20.489,https://image.tmdb.org/t/p/original/eGymLHTpIyxKyBjACsNTpEof6y4.jpg,324,0
Terry Kinney,2021,2,0,Male,20.244,https://image.tmdb.org/t/p/original/2Y6AeUUj1xUd5p7mRM9tFqUCN87.jpg,325,0
John Turturro,2021,2,0,Male,20.184,https://image.tmdb.org/t/p/original/6O9W9cJW0kCqMzYeLupV9oH0ftn.jpg,326,0
Jami Gertz,2021,2,0,Female,18.791,https://image.tmdb.org/t/p/original/9O3hOr7tPShjmLNupTEdMCfjhK6.jpg,327,0
Christoph Waltz,2021,2,0,Male,18.51,https://image.tmdb.org/t/p/original/2Hhztd4mUEV9Y25rfkXDwzL9QI9.jpg,328,0
M. Emmet Walsh,2021,2,0,Male,17.907,https://image.tmdb.org/t/p/original/cirz2AGsQgh34yMoMaEmttAq0qS.jpg,329,0
Vincent D'Onofrio,2021,2,0,Male,17.697,https://image.tmdb.org/t/p/original/qkyiLolEqYMGH25xD4sFIXAjZQB.jpg,330,0
Ralph Ineson,2021,2,0,Male,16.733,https://image.tmdb.org/t/p/original/5BRjuGt1hgfK2qj5huvPuj9Xpg3.jpg,331,0
Lucas Till,2021,2,0,Male,16.719,https://image.tmdb.org/t/p/original/5m8xgsOgT3FgCBo2AsMn7dewe57.jpg,332,0
Adam Brody,2021,2,0,Male,15.776,https://image.tmdb.org/t/p/original/jeMhuu9Q81XJLIef1OU7NlcxRW0.jpg,333,0
Jason Flemyng,2021,2,0,Male,15.186,https://image.tmdb.org/t/p/original/6E5KfjDwm00jIfN3LNLL9jZAvx3.jpg,334,0
Jada Pinkett Smith,2021,2,0,Female,15.009,https://image.tmdb.org/t/p/original/vt1Z1Fsu7gjp4L0OHey9Aa79lWj.jpg,335,0
Doris Roberts,2021,2,0,Female,14.727,https://image.tmdb.org/t/p/original/bfJjsAKKRqUhm1lh2QC8u2atrov.jpg,336,0
Sean Harris,2021,2,0,Male,14.267999999999999,https://image.tmdb.org/t/p/original/7S7OIKHULB0Xj39Moh5lH9jTAGo.jpg,337,0
Richard E. Grant,2021,2,0,Male,14.124,https://image.tmdb.org/t/p/original/pIwiAEX7LiOgnV7KehM3OVmuG1f.jpg,338,0
Austin Pendleton,2021,2,0,Male,14.052999999999999,https://image.tmdb.org/t/p/original/nrXfqtXDDYzSFNLPQnfLkus4I7s.jpg,339,0
Melora Walters,2021,2,0,Female,13.262,https://image.tmdb.org/t/p/original/FSxiDBekrKgmzow1j3UhmNHOhI.jpg,340,0
Philip Seymour Hoffman,2021,2,0,Male,13.196,https://image.tmdb.org/t/p/original/50rqDkmvXwjwVhFH7q6ph2Rkw7S.jpg,341,0
Rob Reiner,2021,2,0,Male,13.125,https://image.tmdb.org/t/p/original/rcmPU3YlhHQVzZlV197qhmRsgEL.jpg,342,0
Andrea Martin,2021,2,0,Female,12.224,https://image.tmdb.org/t/p/original/syS5bfwIeFAFzAWtn0dqPbfPadM.jpg,343,0
George C. Scott,2021,2,0,Male,11.867,https://image.tmdb.org/t/p/original/1dL9hx7nC0cACIVpp6xS1jqJJN7.jpg,344,0
Bo Svenson,2021,2,0,Male,11.472999999999999,https://image.tmdb.org/t/p/original/x3u2yAK3nQh8adEn5f3Xdchd8q5.jpg,345,0
Ann Dowd,2021,2,0,Female,11.356,https://image.tmdb.org/t/p/original/zo44U71uiMNVW1HSiOa5F9MpqIq.jpg,346,0
Frances Conroy,2021,2,0,Female,11.175999999999998,https://image.tmdb.org/t/p/original/aJRQAkO24L6bH8qkkE5Iv1nA3gf.jpg,347,0
Chi McBride,2021,2,0,Male,11.04,https://image.tmdb.org/t/p/original/cesCeJZ5gSywA9lTYReB5uhkfek.jpg,348,0
Kevin Dunn,2021,2,0,Male,10.924000000000001,https://image.tmdb.org/t/p/original/7dqLQjMNCQnuxQJQwQ5Ozz16LBq.jpg,349,0
William Hickey,2021,2,0,Male,10.839,https://image.tmdb.org/t/p/original/giWiDBa8ZQqUucVSpPv8IZ3KqhZ.jpg,350,0
Lois Smith,2021,2,0,Female,10.745,https://image.tmdb.org/t/p/original/unvPSZshdNoj7c5wl6D30gPwKtS.jpg,351,0
Hector Elizondo,2021,2,0,Male,10.174,https://image.tmdb.org/t/p/original/7Mfx9xeOFKXtzVpAc1488LiHs0b.jpg,352,0
Jenifer Lewis,2021,2,0,Female,10.145,https://image.tmdb.org/t/p/original/htrTYcoJQQpSYo6BrRehe3h46vo.jpg,353,0
Peter MacNicol,2021,2,0,Male,10.062000000000001,https://image.tmdb.org/t/p/original/xo09hN0cqYh1V7z986yFOTdaKhU.jpg,354,0
Lambert Wilson,2021,2,0,Male,10.008,https://image.tmdb.org/t/p/original/5Fx2vg8Qux0LcOFLAGJK6VzET.jpg,355,0
Richard Masur,2021,2,0,Male,9.884,https://image.tmdb.org/t/p/original/eTKFP76mnSgIhoknfxtebqnWb6K.jpg,356,0
Rob Corddry,2021,2,0,Male,9.329,https://image.tmdb.org/t/p/original/AjCLr5ZjP6iiP8D6SHQVCZ720nA.jpg,357,0
Damian Young,2021,2,0,Male,9.152999999999999,https://image.tmdb.org/t/p/original/a4r1lpQT3OQoyz1WdsZG6WHvFjy.jpg,358,0
Zeljko Ivanek,2021,2,0,Male,8.875,https://image.tmdb.org/t/p/original/xLv19n8UvGJLxI7Z6RIv9eNXGmf.jpg,359,0
David Dastmalchian,2021,2,0,Male,8.827,https://image.tmdb.org/t/p/original/sF7yHISn8kuBy7T39gB5dMpObpk.jpg,360,0
Maya Kazan,2021,2,0,Female,8.776,https://image.tmdb.org/t/p/original/lkymEg4965qpGx493tZDpvuhxqm.jpg,361,0
Murray Hamilton,2021,2,0,Male,8.504,https://image.tmdb.org/t/p/original/kEAXyzRQ5POdciTjAUjRW4lIslj.jpg,362,0
Hakeem Kae-Kazim,2021,2,0,Male,8.243,https://image.tmdb.org/t/p/original/sVNHRm51c9toG73FUQ5k1St0vju.jpg,363,0
Roger Yuan,2021,2,0,Male,8.115,https://image.tmdb.org/t/p/original/A1iQKcfFvo1OXBkyuHYAgXB5ctb.jpg,364,0
David Cronenberg,2021,2,0,Male,7.938,https://image.tmdb.org/t/p/original/kLHnBnUomcH96PdLRBnuZUzRoY1.jpg,365,0
Fred Willard,2021,2,0,Male,7.894,https://image.tmdb.org/t/p/original/sHgg2W09DEdXB9W7bVYNGpHdLNE.jpg,366,0
Paul Benedict,2021,2,0,Male,7.6610000000000005,https://image.tmdb.org/t/p/original/3N5vbiVkSvtY0SbWhFmndt9jWTZ.jpg,367,0
Tom McBeath,2021,2,0,Male,7.4,https://image.tmdb.org/t/p/original/vKeYC2KlMiq4S48ZafMll7jl9CJ.jpg,368,0
Tom McGowan,2021,2,0,Male,7.391,https://image.tmdb.org/t/p/original/yXeRcq0Lgz8RofCcmg72ai97AFE.jpg,369,0
Ed Birch,2021,2,0,Male,7.1610000000000005,https://image.tmdb.org/t/p/original/k3CBVC3PVrcih7Q9xlySlqE8pMh.jpg,370,0
Paul Dooley,2021,2,0,Male,6.972,https://image.tmdb.org/t/p/original/7nTdbpU4wIsSDZ8WCPXNJOG9KPI.jpg,371,0
Bill Camp,2021,2,0,Male,6.6979999999999995,https://image.tmdb.org/t/p/original/yZFata0EVr7TbIAz8vZFyiDKDts.jpg,372,0
Isaach De Bankolé,2021,2,0,Male,6.279,https://image.tmdb.org/t/p/original/aGjABQBgTA3tduuh54hzWx0aQ44.jpg,373,0
Paul Guilfoyle,2021,2,0,Male,6.166,https://image.tmdb.org/t/p/original/c7unxeM13lF9pMhZhYwlNsSFjFe.jpg,374,0
Christian Clemenson,2021,2,0,Male,6.085,https://image.tmdb.org/t/p/original/uki9bmhoR4V4x0E7uVTCj9iZwNy.jpg,375,0
Ari Graynor,2021,2,0,Female,6.084,https://image.tmdb.org/t/p/original/5zeItxS6KlT6SzOJnsRZEzCv0Mm.jpg,376,0
Fred Melamed,2021,2,0,Male,6.08,https://image.tmdb.org/t/p/original/cb5HSNuu6n4OVuxxQCDd5CfEocb.jpg,377,0
Elizabeth Berrington,2021,2,0,Female,6.0489999999999995,https://image.tmdb.org/t/p/original/wFz71bIKTlQoa8v1s243TIh5wUm.jpg,378,0
Matt Malloy,2021,2,0,Male,5.8660000000000005,https://image.tmdb.org/t/p/original/csNVv2jlw6QLoNCcifGnvT9hN2O.jpg,379,0
David Thornton,2021,2,0,Male,5.773,https://image.tmdb.org/t/p/original/jKlG3icyzBrpOqPoimRmENf3tPf.jpg,380,0
Barry Sonnenfeld,2021,2,0,Male,5.71,https://image.tmdb.org/t/p/original/n6y6vaAFfSqsJodgkwTxAey4NoG.jpg,381,0
Richard Sammel,2021,2,0,Male,5.585,https://image.tmdb.org/t/p/original/91IPxy0IuHhIqcrJdI0hYBpJmOg.jpg,382,0
Judith Chapman,2021,2,0,Female,5.58,https://image.tmdb.org/t/p/original/h9Yw9aGeq7tKIxg2VVNPna8cnY8.jpg,383,0
Bill Nunn,2021,2,0,Male,5.527,https://image.tmdb.org/t/p/original/5dphDw0EDkKvxrolhvOFv6v91yj.jpg,384,0
Michel Subor,2021,2,0,Male,5.405,https://image.tmdb.org/t/p/original/il6f0zTI3YZx6pEe13x1vEQo5eX.jpg,385,0
Ron Perkins,2021,2,0,Male,5.309,https://i0.wp.com/s.ltrbxd.com/static/img/avatar1000.a71b6e9c.png?ssl=1,386,0
Charlotte Ayanna,2021,2,0,Female,5.265,https://image.tmdb.org/t/p/original/8mFpbgI1Q6EXT6nV2lEBmJNgEH7.jpg,387,0
Gary Basaraba,2021,2,0,Male,5.101,https://image.tmdb.org/t/p/original/dH6zocqD5heDerhCANUtfy00gHm.jpg,388,0
Dana Gourrier,2021,2,0,Female,4.838,https://image.tmdb.org/t/p/original/v3krc3R7LKMsHJEm8esPqEa7CR.jpg,389,0
Alex Hyde-White,2021,2,0,Male,4.838,https://image.tmdb.org/t/p/original/1h2jQgYgbqtkZyiHsudlKY1eZED.jpg,389,0
Mireille Perrey,2021,2,0,Female,4.645,https://image.tmdb.org/t/p/original/jCjTgU453ibMNhxItcmjvv81gtA.jpg,390,0
Matyelok Gibbs,2021,2,0,Female,4.481,https://image.tmdb.org/t/p/original/dHiSkZR1jGddnu7yQ6hK6V7SrH0.jpg,391,0
Welker White,2021,2,0,Female,4.441,https://image.tmdb.org/t/p/original/aSkPNk7fIWa0B9HJ2RjwLNBcCiu.jpg,392,0
Erland Josephson,2021,2,0,Male,4.335,https://image.tmdb.org/t/p/original/dopG1nAzyT23DMAPyPoUuwbZs4a.jpg,393,0
Chus Lampreave,2021,2,0,Female,4.308,https://image.tmdb.org/t/p/original/5Yur704jSyfvpycnJwE8nurSeIY.jpg,394,0
Christopher Denham,2021,2,0,Male,4.28,https://image.tmdb.org/t/p/original/ffPY0KrV5KP9Nuv27m3JQU6j3Tq.jpg,395,0
Mary Louise Wilson,2021,2,0,Female,3.966,https://image.tmdb.org/t/p/original/sCWT5ygDqoegJzcZTwt063Dyrsk.jpg,396,0
Brian Howe,2021,2,0,Male,3.96,https://image.tmdb.org/t/p/original/6JpzCLWbKG6Hp44r09ro0ZkJDSH.jpg,397,0
Esmond Knight,2021,2,0,Male,3.589,https://image.tmdb.org/t/p/original/ka4eJaGtMlghVQnVcQOFSFEb2uA.jpg,398,0
Geneviève Lemon,2021,2,0,Female,3.5660000000000003,https://image.tmdb.org/t/p/original/k93Xs9K7eX06FKIePWD05eDuqBD.jpg,399,0
Sharon Wilkins,2021,2,0,Female,3.5589999999999997,https://image.tmdb.org/t/p/original/fVvxdXzgh9rKTZ7yeqSlwobG8v8.jpg,400,0
Michael Hitchcock,2021,2,0,Male,3.44,https://image.tmdb.org/t/p/original/sLKiaWJtExmjORZCVYHB0cTgmMn.jpg,401,0
Jackie Hoffman,2021,2,0,Female,2.987,https://image.tmdb.org/t/p/original/jtvytvZxpRwGlJQxVMkvYRLjGWo.jpg,402,0
Katherine Cassavetes,2021,2,0,Female,2.889,https://image.tmdb.org/t/p/original/fPsaFnxMoNaF8SymbvqYrSwyXkT.jpg,403,0
Priscilla Doueihy,2021,2,0,Female,2.801,https://image.tmdb.org/t/p/original/it4g13EMcqsXXggG1DYcOxQZwsA.jpg,404,0
Simon Abkarian,2021,2,0,Male,2.471,https://image.tmdb.org/t/p/original/rj3v2W9knHS0lzuyAsuLLEr7EsU.jpg,405,0
Erik LaRay Harvey,2021,2,0,Male,2.311,https://image.tmdb.org/t/p/original/kd1Vxi8hHuh35dXtq2fC4SP5aOU.jpg,406,0
Dominique Frot,2021,2,0,Female,2.28,https://image.tmdb.org/t/p/original/hvhM1SX3nMBT2PqGjuGb680Qb0C.jpg,407,0
Prudence Wright Holmes,2021,2,0,Female,2.256,https://i0.wp.com/s.ltrbxd.com/static/img/avatar1000.a71b6e9c.png?ssl=1,408,0
Jack Gilpin,2021,2,0,Male,2.219,https://image.tmdb.org/t/p/original/tZ5tnrcbBHejp5cSil9hwEyaZ4Z.jpg,409,0
Francis Guinan,2021,2,0,Male,2.158,https://image.tmdb.org/t/p/original/uMY4ifKDDrn7FY4Kt3gO5IvFPK.jpg,410,0
Eva Mattes,2021,2,0,Female,2.068,https://image.tmdb.org/t/p/original/63ET2xZ3ezbDGKwXxz2eqwX0pxB.jpg,411,0
Wendle Josepher,2021,2,0,Female,2.023,https://i0.wp.com/s.ltrbxd.com/static/img/avatar1000.a71b6e9c.png?ssl=1,412,0
Andy Le,2021,2,0,Male,1.838,https://image.tmdb.org/t/p/original/rwcJKFHN419CuNgEk57OEp16XLE.jpg,413,0
Laura Benson,2021,2,0,Female,1.646,https://image.tmdb.org/t/p/original/fuFtnK9SI3911TXlwzg6Qzqw6RX.jpg,414,0
Lilo Pempeit,2021,2,0,Female,1.607,https://image.tmdb.org/t/p/original/cKTUKW1TLHqi86hgNMRwiii8eLQ.jpg,415,0
Sharon Blackwood,2021,2,0,Female,1.5930000000000002,https://image.tmdb.org/t/p/original/xX6vMya7A4HNHxrmYZKMOHzCTHp.jpg,416,0
Nathan George,2021,2,0,Male,1.59,https://image.tmdb.org/t/p/original/cbnZvpPEzz998iEk6aO3LUcILsn.jpg,417,0
Wallace Bridges,2021,2,0,Male,1.58,https://image.tmdb.org/t/p/original/tIMbh6JNIXdJaUbMTqbfTFLg0op.jpg,418,0
Neil Bell,2021,2,0,Male,1.5354999999999999,https://i0.wp.com/s.ltrbxd.com/static/img/avatar1000.a71b6e9c.png?ssl=1,419,0
Mark Nelson,2021,2,0,Male,1.44,https://image.tmdb.org/t/p/original/xXmWbuVlOU1X7lWHH5frfhzCEYv.jpg,420,0
Derek Roberts,2021,2,0,Male,1.435,https://image.tmdb.org/t/p/original/nI89nQRTjRRF5HgZH2UeVlfCvkI.jpg,421,0
Y Sa Lo,2021,2,0,Female,1.22,https://i0.wp.com/s.ltrbxd.com/static/img/avatar1000.a71b6e9c.png?ssl=1,422,0
Rose Arrick,2021,2,0,Female,1.166,https://i0.wp.com/s.ltrbxd.com/static/img/avatar1000.a71b6e9c.png?ssl=1,423,0
Günther Kaufmann,2021,2,0,Male,1.073,https://image.tmdb.org/t/p/original/lRbiLa150KS13aRom2NI78Pd8YC.jpg,424,0
Roger Fritz,2021,2,0,Male,1.026,https://image.tmdb.org/t/p/original/tRpBOaRmDGojNBy1wMc4K8orjCr.jpg,425,0
Lady Rowlands,2021,2,0,Female,0.84,https://i0.wp.com/s.ltrbxd.com/static/img/avatar1000.a71b6e9c.png?ssl=1,426,0
Douglas Warhit,2021,2,0,Male,0.8320000000000001,https://image.tmdb.org/t/p/original/kMiOy82ue01w3nKytK7UkZwg8Bj.jpg,427,0
Eddie Campbell,2021,2,0,Male,0.665,https://image.tmdb.org/t/p/original/eArISmcZa3ICYn69QjcGt7qZbno.jpg,428,0
Jane Fonda,2020,4,3,Female,22.955,https://image.tmdb.org/t/p/original/5Yb3nmRWXXZAxNhfhEuOMdfyVNN.jpg,429,1
Faye Dunaway,2020,4,3,Female,16.206,https://image.tmdb.org/t/p/original/bwHJPkiDOjTslgrl0mri1Ndvx2V.jpg,430,0
Alain Delon,2020,3,3,Male,30.31,https://image.tmdb.org/t/p/original/3QGWfT4saSHiTJdhLD4IyuRbYDF.jpg,431,1
Robert Redford,2020,3,3,Male,23.941999999999997,https://image.tmdb.org/t/p/original/hNiy78lk26xTE6tjisSCowcOVw0.jpg,432,0
Daniel Day-Lewis,2020,3,3,Male,11.83,https://image.tmdb.org/t/p/original/3kNA9VcmymoEwT0btQ4bvMYxzcP.jpg,433,0
Parker Posey,2020,3,2,Female,8.933,https://image.tmdb.org/t/p/original/rLtUcJyLpS6cEA8lcbICIafgXf.jpg,434,0
Alec Baldwin,2020,3,1,Male,35.8,https://image.tmdb.org/t/p/original/hzKy7x574eeUS3wt1R3yvWBRpeR.jpg,435,0
Robert Duvall,2020,3,1,Male,23.171000000000003,https://image.tmdb.org/t/p/original/ybMmK25h4IVtfE7qrnlVp47RQlh.jpg,436,0
Matt Bomer,2020,3,1,Male,20.284000000000002,https://image.tmdb.org/t/p/original/jvYzsP08M9H76eHu0k1ALdmNnoM.jpg,437,0
Missi Pyle,2020,3,0,Female,17.025,https://image.tmdb.org/t/p/original/aGRSmafxwPmpRCLRGEJN1ygeh8D.jpg,438,0
Oliver Platt,2020,3,0,Male,15.934000000000001,https://image.tmdb.org/t/p/original/toAVx1NyoVbFkxh0ydRsD1fP6pV.jpg,439,0
Octavia Spencer,2020,2,3,Female,21.908,https://image.tmdb.org/t/p/original/zDGydyM1fmvNWzQlTAns9IZjNxT.jpg,440,0
Keanu Reeves,2020,2,2,Male,38.001999999999995,https://image.tmdb.org/t/p/original/4D0PpNI0kmP58hgrwGC3wCjxhnm.jpg,441,0
Julia Roberts,2020,2,2,Female,27.837,https://image.tmdb.org/t/p/original/AhQMyQ10kz5g8Y3Fp54GPhgDxQS.jpg,442,0
Viola Davis,2020,2,2,Female,27.676,https://image.tmdb.org/t/p/original/xDssw6vpYNRjsybvMPRE30e0dPN.jpg,443,0
Jim Carrey,2020,2,2,Male,22.776,https://image.tmdb.org/t/p/original/kuSlwTPsVlBMW0cvnFmbZce6PaV.jpg,444,0
Ryan Gosling,2020,2,2,Male,22.523000000000003,https://image.tmdb.org/t/p/original/lyUyVARQKhGxaxy0FbPJCQRpiaW.jpg,445,0
Peter Sarsgaard,2020,2,2,Male,17.292,https://image.tmdb.org/t/p/original/jOc4VjxPaOkWOqnLCxd8BJy9g5i.jpg,446,0
Elizabeth Debicki,2020,2,2,Female,12.75,https://image.tmdb.org/t/p/original/nXXbGG1vCrHlscwqD55EGI9aHpA.jpg,447,0
Cliff Robertson,2020,2,2,Male,11.392999999999999,https://image.tmdb.org/t/p/original/qB0oEd9KK3ik4fwLoEnqpGj6wmx.jpg,448,0
Joan Crawford,2020,2,2,Female,5.935,https://image.tmdb.org/t/p/original/AtEGacmejG86ug8tKTxFd7JbJJO.jpg,449,0
Katharine Hepburn,2020,2,2,Female,2.7089999999999996,https://image.tmdb.org/t/p/original/hzBSOe6bburyMeeCqD9kR9tRfdD.jpg,450,0
Bill Skarsgård,2020,2,1,Male,45.302,https://image.tmdb.org/t/p/original/cFQN6rLSSLhGx8NQI7krYWwdRpl.jpg,451,0
Robert Pattinson,2020,2,1,Male,44.492,https://image.tmdb.org/t/p/original/6RVxNlNmc0DIfZzaJKCJM43If3M.jpg,452,0
Michael Caine,2020,2,1,Male,37.413000000000004,https://image.tmdb.org/t/p/original/hZruclwEPCKw3e83rnFSIH5sRFZ.jpg,453,0
J.K. Simmons,2020,2,1,Male,33.453,https://image.tmdb.org/t/p/original/jPoNW5fugs5h8AbcE7H5OBm04Tm.jpg,454,0
Liev Schreiber,2020,2,1,Male,25.926,https://image.tmdb.org/t/p/original/az0ZzwJBZUTUbnKFjOFHrwakv5y.jpg,455,0
Rose Byrne,2020,2,1,Female,25.738000000000003,https://image.tmdb.org/t/p/original/4oQWCLK7gd6RNKF0WJipJo7TyFP.jpg,456,0
Maura Tierney,2020,2,1,Female,21.913,https://image.tmdb.org/t/p/original/4BCrwdHdC4iRSDimvkoYaXg2qki.jpg,457,0
Kirsten Dunst,2020,2,1,Female,20.281,https://image.tmdb.org/t/p/original/sFYHUU1gWd57pttD8732tkBsXV5.jpg,458,0
Allison Janney,2020,2,1,Female,19.689,https://image.tmdb.org/t/p/original/hpBKWV1jjoXQbr1s0iUZTSvw582.jpg,459,0
Judi Dench,2020,2,1,Female,16.819000000000003,https://image.tmdb.org/t/p/original/cpna5VGvAxuKuC31xJPBKy9zbnv.jpg,460,0
Adam Driver,2020,2,1,Male,16.386,https://image.tmdb.org/t/p/original/mG2vwd6hJHTiCh8zIxPFND3ibAj.jpg,461,0
Geena Davis,2020,2,1,Female,15.008,https://image.tmdb.org/t/p/original/bx9ufx5cS7FfHDFFeT71syBh428.jpg,462,0
Craig T. Nelson,2020,2,1,Male,13.662,https://image.tmdb.org/t/p/original/rMh8qdexFKmc7mq7oLzsLLvCCjs.jpg,463,0
Laurie Metcalf,2020,2,1,Female,12.969000000000001,https://image.tmdb.org/t/p/original/ixABJoiZcGv2FRBtdno6i3bVAcY.jpg,464,0
Timothy Simons,2020,2,1,Male,11.802,https://image.tmdb.org/t/p/original/vG4Oob3JONf28Og8qSgbpk7M8nB.jpg,465,0
Paul Schneider,2020,2,1,Male,7.653,https://image.tmdb.org/t/p/original/69tLX644rRr1RT9gxajsWlNrf0Y.jpg,466,0
Glynn Turman,2020,2,1,Male,7.221,https://image.tmdb.org/t/p/original/ac5gjylih4RTCGf2HWuSnoZWDus.jpg,467,0
Wolfgang Novogratz,2020,2,1,Male,7.148,https://image.tmdb.org/t/p/original/3OaqoIKyLik5BPcHVNnWLzpW9qV.jpg,468,0
Paul Sparks,2020,2,1,Male,5.039,https://image.tmdb.org/t/p/original/oQemFTD6VraSIeOJ1Jcr58iGHNF.jpg,469,0
Grégoire Colin,2020,2,1,Male,3.7230000000000003,https://image.tmdb.org/t/p/original/jtolsceVVsMT1wWi8m8pdtaUE4f.jpg,470,0
Michael Tow,2020,2,1,Male,1.646,https://image.tmdb.org/t/p/original/hVmzpptzAmeUNpenl2FB0qjxuXk.jpg,471,0
Cole Doman,2020,2,1,Male,0.922,https://image.tmdb.org/t/p/original/u3LGiwjW4hpoMXC8UKG73JyEK6s.jpg,472,0
Frances Fisher,2020,2,0,Female,50.175,https://image.tmdb.org/t/p/original/tsyGcoXGRNM8KGLpLG3OuxAyxx2.jpg,473,0
Stanley Tucci,2020,2,0,Male,39.13,https://image.tmdb.org/t/p/original/1qgpdI5TMcKB4iULrGsZgNcymdf.jpg,474,0
Joan Cusack,2020,2,0,Female,35.171,https://image.tmdb.org/t/p/original/69cfjfZFjVxfu2QbngnXOkipcyn.jpg,475,0
Fiona Shaw,2020,2,0,Female,21.728,https://image.tmdb.org/t/p/original/tjM74LcxwnYM77Csg1EtlXb1F9a.jpg,476,0
Kristin Chenoweth,2020,2,0,Female,21.21,https://image.tmdb.org/t/p/original/q3ENDu5n23FARhyij4FVRaTkSg4.jpg,477,0
Jennifer Morrison,2020,2,0,Female,20.773000000000003,https://image.tmdb.org/t/p/original/i6dkHIME0BOPhbcPESHZND3vmtk.jpg,478,0
Harry Melling,2020,2,0,Male,20.417,https://image.tmdb.org/t/p/original/b0pHwi2MeqxEpeWnF4Llihu53aJ.jpg,479,0
Bill Murray,2020,2,0,Male,19.633,https://image.tmdb.org/t/p/original/nnCsJc9x3ZiG3AFyiyc3FPehppy.jpg,480,0
Clint Howard,2020,2,0,Male,16.864,https://image.tmdb.org/t/p/original/6tugb8rz1hj8tYlSaSmUBD741fw.jpg,481,0
Anson Mount,2020,2,0,Male,16.074,https://image.tmdb.org/t/p/original/qU6GGvUqwFMbfK2Bk7Gg7dK1KD6.jpg,482,0
David Duchovny,2020,2,0,Male,15.668,https://image.tmdb.org/t/p/original/kFuB7QQ35SwMwWdiTGSDQdkxnsT.jpg,483,0
Donald Faison,2020,2,0,Male,14.886,https://image.tmdb.org/t/p/original/gNwWP1CHob9Y8fjY69w7EwGxMoz.jpg,484,0
Austin Pendleton,2020,2,0,Male,14.052999999999999,https://image.tmdb.org/t/p/original/nrXfqtXDDYzSFNLPQnfLkus4I7s.jpg,485,0
David Herman,2020,2,0,Male,12.98,https://image.tmdb.org/t/p/original/rMY168K2qAk5eBg368WK3y2yOEI.jpg,486,0
Lukas Haas,2020,2,0,Male,12.423,https://image.tmdb.org/t/p/original/vabZQXlAhyW2GxQfDM1PhKURA8.jpg,487,0
Banks Repeta,2020,2,0,Male,11.710999999999999,https://image.tmdb.org/t/p/original/xx6aE6A1RnsDjtDd32CyGecr5tx.jpg,488,0
Lois Smith,2020,2,0,Female,10.745,https://image.tmdb.org/t/p/original/unvPSZshdNoj7c5wl6D30gPwKtS.jpg,489,0
Fred Gwynne,2020,2,0,Male,10.431,https://image.tmdb.org/t/p/original/nO5ufGwURxJ20zYnSgb6l4nYDQO.jpg,490,0
Brian J. White,2020,2,0,Male,9.881,https://image.tmdb.org/t/p/original/vskSQWts0iXppW6W1EAio3yjPKZ.jpg,491,0
Joe Chrest,2020,2,0,Male,9.216000000000001,https://image.tmdb.org/t/p/original/ox45oYzfnI9mxDYNeP01ZTRWGXC.jpg,492,0
Koh Soo-hee,2020,2,0,Female,8.929,https://image.tmdb.org/t/p/original/mhQWl9wQuuNPcHqiojbtLNrBTge.jpg,493,0
Swoosie Kurtz,2020,2,0,Female,8.732999999999999,https://image.tmdb.org/t/p/original/sISOxpV6zn3EfC5uKVsX7s9xLBf.jpg,494,0
Scott Haze,2020,2,0,Male,8.702,https://image.tmdb.org/t/p/original/6cd3Jt8Vo52j8cRKbNf1j7cERhs.jpg,495,0
Colman Domingo,2020,2,0,Male,8.481,https://image.tmdb.org/t/p/original/2tu6T9ugnf82qIMGVKWSb0dvvq5.jpg,496,0
Alan Cumming,2020,2,0,Male,8.03,https://image.tmdb.org/t/p/original/9ENvxomhVWXTi0S0I13agqRMBOd.jpg,497,0
Robert Wuhl,2020,2,0,Male,7.984,https://image.tmdb.org/t/p/original/e01JiHVW5cdBkLu7aVDhRilfCvY.jpg,498,0
Douglas Hodge,2020,2,0,Male,7.108,https://image.tmdb.org/t/p/original/ePGYx2w4cM9nSaBvfg9LdEieAtT.jpg,499,0
Caroline Aaron,2020,2,0,Female,6.8629999999999995,https://image.tmdb.org/t/p/original/7nnic1Dao3XoScrwX7Ac39N2BC1.jpg,500,0
Sarayu Blue,2020,2,0,Female,6.709,https://image.tmdb.org/t/p/original/tx64Wr2vVXD6TMSj0mfzGK1iJj8.jpg,501,0
Grace Zabriskie,2020,2,0,Female,6.5520000000000005,https://image.tmdb.org/t/p/original/19tr5IbzCmv4x5B3WFlG1RQPwXu.jpg,502,0
Pat Hingle,2020,2,0,Male,5.247999999999999,https://image.tmdb.org/t/p/original/QBAxFVZQ0Hu6rxlFavhwUq0zug.jpg,503,0
Julia Campbell,2020,2,0,Female,5.112,https://image.tmdb.org/t/p/original/dYXj6EEG1IKfGYT4odotllTRmBQ.jpg,504,0
Tomas Arana,2020,2,0,Male,5.002,https://image.tmdb.org/t/p/original/qMuQWxUQ2sXDiN2d9EDVT5VXHo2.jpg,505,0
J.D. Evermore,2020,2,0,Male,3.625,https://image.tmdb.org/t/p/original/bTLrDTIj9DNnYP8afZXPTo31CJA.jpg,506,0
Jeremy Shamos,2020,2,0,Male,2.9539999999999997,https://image.tmdb.org/t/p/original/4nEMfWgNBdBhzdzNGCOHyW941EC.jpg,507,0
Lyman Chen,2020,2,0,Male,2.823,https://image.tmdb.org/t/p/original/3aDbxJeem9JHHoSPXHIHsg8kWKJ.jpg,508,0
Guy Boyd,2020,2,0,Male,2.801,https://image.tmdb.org/t/p/original/naVCBAb6GRUmYCXVreEECUetHYv.jpg,509,0
Gavin Grazer,2020,2,0,Male,2.64,https://i0.wp.com/s.ltrbxd.com/static/img/avatar1000.a71b6e9c.png?ssl=1,510,0
Catherine Curtin,2020,2,0,Female,2.5639999999999996,https://image.tmdb.org/t/p/original/giB5pkibdukMBHAE0yLGs1JsPOH.jpg,511,0
Stan Carp,2020,2,0,Male,2.485,https://image.tmdb.org/t/p/original/abzdzu7CV3ZbkbslU60zsIrXSf5.jpg,512,0
Dempsey Bovell,2020,2,0,Male,2.187,https://image.tmdb.org/t/p/original/n6HRt2BiQXDqaB0A8sav8gR3RbL.jpg,513,0
Clem Cheung,2020,2,0,Male,2.177,https://image.tmdb.org/t/p/original/d9RxHEtiFwEOojDBXKY1ct1gvAn.jpg,514,0
Tom Kemp,2020,2,0,Male,2.1319999999999997,https://image.tmdb.org/t/p/original/naKmj05P3TM3GWNoS3DoYoD49XU.jpg,515,0
Gian Franco Tordi,2020,2,0,Male,2.064,https://image.tmdb.org/t/p/original/v9TDrKgiLqNQM881PsD8vM8kaOC.jpg,516,0
Connor Catchpole,2020,2,0,Male,1.891,https://i0.wp.com/s.ltrbxd.com/static/img/avatar1000.a71b6e9c.png?ssl=1,517,0
John Randolph Jones,2020,2,0,Male,1.7069999999999999,https://i0.wp.com/s.ltrbxd.com/static/img/avatar1000.a71b6e9c.png?ssl=1,518,0
Kim Jin-goo,2020,2,0,Female,1.444,https://image.tmdb.org/t/p/original/mFcxJP7ejk51Qg6LZfpommTisND.jpg,519,0
Tyler Ross,2020,2,0,Male,0.742,https://image.tmdb.org/t/p/original/slmrh68fod3NzPOAiimQCBBQsqz.jpg,520,0
Charlize Theron,2019,4,3,Female,39.063,https://image.tmdb.org/t/p/original/1HloWLLhL3iTrmDtMigiitLB9Qx.jpg,521,1
Nicole Kidman,2019,4,3,Female,31.107,https://image.tmdb.org/t/p/original/jTtiPqW6VlNE9nTf4BuUzuIqzlR.jpg,522,0
Laura Dern,2019,4,2,Female,12.23,https://image.tmdb.org/t/p/original/2Ryt0SsExqWrLTzBu6sZcbLwoDJ.jpg,523,0
Chloë Grace Moretz,2019,3,3,Female,102.25,https://image.tmdb.org/t/p/original/u08QwcFnJpMtsDEYSlbUkMuE7bP.jpg,524,0
Al Pacino,2019,3,3,Male,59.19899999999999,https://image.tmdb.org/t/p/original/fMDFeVf0pjopTJbyRSLFwNDm8Wr.jpg,525,1
Robert De Niro,2019,3,3,Male,41.29,https://image.tmdb.org/t/p/original/cT8htcckIuyI1Lqwt1CvD02ynTh.jpg,526,0
Julia Roberts,2019,3,3,Female,27.837,https://image.tmdb.org/t/p/original/AhQMyQ10kz5g8Y3Fp54GPhgDxQS.jpg,527,0
Jonathan Pryce,2019,3,3,Male,22.641000000000002,https://image.tmdb.org/t/p/original/zwSv5uXzPTtmitFe39UdqnVwmdL.jpg,528,0
Tony Leung Chiu-wai,2019,3,3,Male,19.125999999999998,https://image.tmdb.org/t/p/original/ybe5FGhJShc6qJqA0vsxfLkFXgY.jpg,529,0
Jamie Bell,2019,3,3,Male,15.562999999999997,https://image.tmdb.org/t/p/original/xAfNYOJYOy5ee9PHbBF8Y6xzZ9I.jpg,530,0
Joaquin Phoenix,2019,3,3,Male,14.583,https://image.tmdb.org/t/p/original/1UzIGSKFH0A9ouwnMwQQWUiqV2s.jpg,531,0
Meryl Streep,2019,3,3,Female,13.574999999999998,https://image.tmdb.org/t/p/original/emAAzyK1rJ6aiMi0wsWYp51EC3h.jpg,532,0
Jennifer Lopez,2019,3,3,Female,8.856,https://image.tmdb.org/t/p/original/go2wwj8NGLYqKr7MdqbG3nLWICX.jpg,533,0
Antonio Banderas,2019,3,2,Male,47.27,https://image.tmdb.org/t/p/original/iWIUEwgn2KW50MssR7tdPeFoRGW.jpg,534,0
Robert Pattinson,2019,3,2,Male,44.492,https://image.tmdb.org/t/p/original/6RVxNlNmc0DIfZzaJKCJM43If3M.jpg,535,0
Ryan Phillippe,2019,3,2,Male,19.985,https://image.tmdb.org/t/p/original/fp0GlHdZBt8NGjoms3k3od0w7Qd.jpg,536,0
Faye Dunaway,2019,3,2,Female,16.206,https://image.tmdb.org/t/p/original/bwHJPkiDOjTslgrl0mri1Ndvx2V.jpg,537,0
Toni Collette,2019,3,1,Female,45.147,https://image.tmdb.org/t/p/original/lzXRh16qe4HHeBN6tMyw0DHvaMn.jpg,538,0
Angela Bassett,2019,3,1,Female,33.724000000000004,https://image.tmdb.org/t/p/original/7Oz53NKdglRzAzI2MKjM3eQXwn.jpg,539,0
Liev Schreiber,2019,3,1,Male,25.926,https://image.tmdb.org/t/p/original/az0ZzwJBZUTUbnKFjOFHrwakv5y.jpg,540,0
Finn Wittrock,2019,3,1,Male,7.055,https://image.tmdb.org/t/p/original/gwGMGTmli0uBF7eAhhXePWhYNFJ.jpg,541,0
Jeff Hiller,2019,3,1,Male,4.482,https://image.tmdb.org/t/p/original/AoIQ8ZRtxMIQatnhFeJHG6q6AVf.jpg,542,0
Brian Tyree Henry,2019,3,0,Male,17.397000000000002,https://image.tmdb.org/t/p/original/2MsJh0bpyzwvOUnXOltHp3j85Pb.jpg,543,0
Frankie Faison,2019,3,0,Male,16.46,https://image.tmdb.org/t/p/original/3717JOXK2Z8qelfyvScDGimfFBf.jpg,544,0
Annaleigh Ashford,2019,3,0,Female,14.520999999999999,https://image.tmdb.org/t/p/original/AaMsrGdvvNeOzNUMUYOQlcejbfO.jpg,545,0
Marin Ireland,2019,3,0,Female,8.024,https://image.tmdb.org/t/p/original/jAIOQNraHjvIAdqk81QDV5Phupp.jpg,546,0
Bob Balaban,2019,3,0,Male,7.329,https://image.tmdb.org/t/p/original/tLUlpF9EDxxRh6nM8AZ5BsPKc2B.jpg,547,0
Cardi B,2019,3,0,Female,2.9249999999999994,https://image.tmdb.org/t/p/original/x3hazhdT0Lcpv2ys4WG6Af2F24S.jpg,548,0
Bess Flowers,2019,3,0,Female,1.9669999999999999,https://image.tmdb.org/t/p/original/oErbIo6a2QPYZSqfdzU6vlDTD8i.jpg,549,0
Jake Gyllenhaal,2019,2,2,Male,58.388999999999996,https://image.tmdb.org/t/p/original/rJdYHYNhlcOBwbPvDZVvt1xw7bi.jpg,550,0
Denzel Washington,2019,2,2,Male,55.43,https://image.tmdb.org/t/p/original/AHUnhGbnWnjin4M2sNdZYAei9h.jpg,551,0
Scarlett Johansson,2019,2,2,Female,52.784,https://image.tmdb.org/t/p/original/6NsMbJXRlDZuDzatN2akFdGuTvx.jpg,552,0
Anne Hathaway,2019,2,2,Female,52.468,https://image.tmdb.org/t/p/original/tLelKoPNiyJCSEtQTz1FGv4TLGc.jpg,553,0
Zac Efron,2019,2,2,Male,43.703,https://image.tmdb.org/t/p/original/6oXNHv7gAyXXYFpF943pKRsTtqQ.jpg,554,0
Tom Cruise,2019,2,2,Male,33.796,https://image.tmdb.org/t/p/original/8qBylBsQf4llkGrWR3qAsOtOU8O.jpg,555,0
Hugh Grant,2019,2,2,Male,32.166,https://image.tmdb.org/t/p/original/tUHkXYdwm405DjBm2IpPxGjYkjj.jpg,556,0
Jesse Eisenberg,2019,2,2,Male,31.358,https://image.tmdb.org/t/p/original/iA3ha8OZU7fULwQvmg2f1ipscCN.jpg,557,0
Patrick Wilson,2019,2,2,Male,25.761999999999997,https://image.tmdb.org/t/p/original/tc1ezEfIY8BhCy85svOUDtpBFPt.jpg,558,0
Elle Fanning,2019,2,2,Female,24.294,https://image.tmdb.org/t/p/original/e8CUyxQSE99y5IOfzSLtHC0B0Ch.jpg,559,0
Julia Stiles,2019,2,2,Female,23.346999999999998,https://image.tmdb.org/t/p/original/9PJ6G5begxnZkkwvqZqMs0Iwn5o.jpg,560,0
Kristen Stewart,2019,2,2,Female,20.75,https://image.tmdb.org/t/p/original/rCU7XhHavFAKatkrC2yFWO4FCXX.jpg,561,0
Ving Rhames,2019,2,2,Male,20.704,https://image.tmdb.org/t/p/original/4gpLVNKPZlVucc4fT2fSZ7DksTK.jpg,562,0
Michael Cera,2019,2,2,Male,20.089000000000002,https://image.tmdb.org/t/p/original/uwCyCFtGvn9dDmrHslbsmUj0tpj.jpg,563,0
Teresa Palmer,2019,2,2,Female,19.529,https://image.tmdb.org/t/p/original/sjSiLSCp9LS1Z0nyGpmquTBuUyr.jpg,564,0
Sarah Michelle Gellar,2019,2,2,Female,18.479,https://image.tmdb.org/t/p/original/sCpCv2ldnrAQN9NVQOE6PYxG8TN.jpg,565,0
George MacKay,2019,2,2,Male,17.524,https://image.tmdb.org/t/p/original/80IQRdk9FIfkVJQB54Y7rZjNyDj.jpg,566,0
Rene Russo,2019,2,2,Female,16.822,https://image.tmdb.org/t/p/original/aYgylDWH9vUZOvwKUKM2v632Efm.jpg,567,0
Bette Davis,2019,2,2,Female,16.208,https://image.tmdb.org/t/p/original/h8JJeSEB7jc6Ce33Lh7XDQfXaVr.jpg,568,0
Shu Qi,2019,2,2,Female,16.038,https://image.tmdb.org/t/p/original/jNaUWRClE4aFnguPZKQeVqfugPd.jpg,569,0
Madeline Kahn,2019,2,2,Female,14.519,https://image.tmdb.org/t/p/original/iEaCnVYtwbQ5xMaGQylcpmxgZcG.jpg,570,0
Cameron Diaz,2019,2,2,Female,14.050999999999998,https://image.tmdb.org/t/p/original/tIWUyvmJayu8gtbrzCWC0L3H8kH.jpg,571,0
Philip Seymour Hoffman,2019,2,2,Male,13.196,https://image.tmdb.org/t/p/original/50rqDkmvXwjwVhFH7q6ph2Rkw7S.jpg,572,0
Cary Grant,2019,2,2,Male,9.914,https://image.tmdb.org/t/p/original/oF5Vj64OEEDAy7DzpBP0W8fSwC6.jpg,573,0
Rihanna,2019,2,2,Female,9.079,https://image.tmdb.org/t/p/original/idQMtwmB3LMvNXMfod6vIBzXvDg.jpg,574,0
Zhou Xun,2019,2,2,Female,8.762,https://image.tmdb.org/t/p/original/msKmqsmvUIM1mA8z3uQjwTk0yPK.jpg,575,0
Beyoncé,2019,2,2,Female,8.429,https://image.tmdb.org/t/p/original/9MgDCYBBVBl4lM1DuxNIIbCHlKy.jpg,576,0
Humphrey Bogart,2019,2,2,Male,8.032,https://image.tmdb.org/t/p/original/1mozf4voBHpEYZYT0fGI5QzHf8M.jpg,577,0
John Cazale,2019,2,2,Male,6.507000000000001,https://image.tmdb.org/t/p/original/41wXX1FBalyIuf5eaA4S43Y8IfZ.jpg,578,0
Farley Granger,2019,2,2,Male,6.156000000000001,https://image.tmdb.org/t/p/original/4Tqi22qSxBdeWGDAOVvfa8pDX8E.jpg,579,0
Jason Statham,2019,2,1,Male,115.44200000000001,https://image.tmdb.org/t/p/original/lldeQ91GwIVff43JBrpdbAAeYWj.jpg,580,0
Brad Pitt,2019,2,1,Male,57.363,https://image.tmdb.org/t/p/original/cckcYc2v0yh1tc9QjRelptcOBko.jpg,581,0
Gene Hackman,2019,2,1,Male,50.398,https://image.tmdb.org/t/p/original/xPmETCv0APDoIK5CvIIJwbTcjPA.jpg,582,0
Nicolas Cage,2019,2,1,Male,44.957,https://image.tmdb.org/t/p/original/ar33qcWbEgREn07ZpXv5Pbj8hbM.jpg,583,0
Rachel Weisz,2019,2,1,Female,39.19,https://image.tmdb.org/t/p/original/msTqKPA33ryVtcVNgOdeaJGYq16.jpg,584,0
Keanu Reeves,2019,2,1,Male,38.001999999999995,https://image.tmdb.org/t/p/original/4D0PpNI0kmP58hgrwGC3wCjxhnm.jpg,585,0
Michael Caine,2019,2,1,Male,37.413000000000004,https://image.tmdb.org/t/p/original/hZruclwEPCKw3e83rnFSIH5sRFZ.jpg,586,0
Harrison Ford,2019,2,1,Male,37.203,https://image.tmdb.org/t/p/original/5M7oN3sznp99hWYQ9sX0xheswWX.jpg,587,0
Kathryn Hahn,2019,2,1,Female,33.906,https://image.tmdb.org/t/p/original/9sVllAKfEls3SJD3GoPm2JEZoa5.jpg,588,0
Jamie Lee Curtis,2019,2,1,Female,32.742,https://image.tmdb.org/t/p/original/9KWvPVeiLOXlOGl0XVyHZtJWQtx.jpg,589,0
Judy Greer,2019,2,1,Female,29.783,https://image.tmdb.org/t/p/original/pTLjIjh83R424RGxIfq4U0yx947.jpg,590,0
Michael Gambon,2019,2,1,Male,28.105,https://image.tmdb.org/t/p/original/3jdWkDKf4IODbG4JKTeaC7AzxZH.jpg,591,0
Steve Carell,2019,2,1,Male,26.06,https://image.tmdb.org/t/p/original/dzJtsLspH5Bf8Tvw7OQC47ETNfJ.jpg,592,0
Steve Buscemi,2019,2,1,Male,24.921999999999997,https://image.tmdb.org/t/p/original/lQKdHMxfYcCBOvwRKBAxPZVNtkg.jpg,593,0
Thora Birch,2019,2,1,Female,24.54,https://image.tmdb.org/t/p/original/7rRirYcL5JJS5P2W67yhsmAfO3x.jpg,594,0
Richard Madden,2019,2,1,Male,24.249000000000002,https://image.tmdb.org/t/p/original/zP1QxxjhtnnjMutuYKtlOnvYD7P.jpg,595,0
Jodie Foster,2019,2,1,Female,23.496,https://image.tmdb.org/t/p/original/AodjR16HMtbV8zZsUJdvJUSYxlo.jpg,596,0
Rachel McAdams,2019,2,1,Female,23.244,https://image.tmdb.org/t/p/original/2zyOjda95OfAAsJvuwTV0UaznPZ.jpg,597,0
Shia LaBeouf,2019,2,1,Male,23.07,https://image.tmdb.org/t/p/original/frYAEeYMi9jdt9MIjGA8vCr5yUC.jpg,598,0
Christopher Eccleston,2019,2,1,Male,22.403000000000002,https://image.tmdb.org/t/p/original/848SScSMTnjiOJRM7McbGiaEo1Q.jpg,599,0
Jon Voight,2019,2,1,Male,21.944000000000003,https://image.tmdb.org/t/p/original/oxLsItDwLddXu8YYJCfkddYNejL.jpg,600,0
John Cena,2019,2,1,Male,20.54,https://image.tmdb.org/t/p/original/rgB2eIOt7WyQjdgJCOuESdDlrjg.jpg,601,0
Simon Pegg,2019,2,1,Male,20.426,https://image.tmdb.org/t/p/original/nOWKXxgADG98RjKyfQ7oSDfns6J.jpg,602,0
Jason Sudeikis,2019,2,1,Male,19.99,https://image.tmdb.org/t/p/original/smNK3CLjZYC6wAcgHeMqf90qU0O.jpg,603,0
Dave Franco,2019,2,1,Male,16.969,https://image.tmdb.org/t/p/original/lgzjs56hk0ucf2rwQnSG5U3Q49i.jpg,604,0
Demi Moore,2019,2,1,Female,16.213,https://image.tmdb.org/t/p/original/8Dzx0U1LwOpZ3uAm7cqKymqU9fL.jpg,605,0
Maika Monroe,2019,2,1,Female,16.075,https://image.tmdb.org/t/p/original/g4z8Gq8oWbhhGcS51pGBm8xv5I1.jpg,606,0
Sean Harris,2019,2,1,Male,14.267999999999999,https://image.tmdb.org/t/p/original/7S7OIKHULB0Xj39Moh5lH9jTAGo.jpg,607,0
Ike Barinholtz,2019,2,1,Male,13.749,https://image.tmdb.org/t/p/original/pxK1HXsQFfh3zT1KA3t6lEKMiZK.jpg,608,0
Russell Tovey,2019,2,1,Male,13.577,https://image.tmdb.org/t/p/original/ofIylBGO4zyonQJQrghOvLOtt9W.jpg,609,0
Bruce Greenwood,2019,2,1,Male,13.554,https://image.tmdb.org/t/p/original/rVpyddWneBBYYzYhMRmWoHMg3Hg.jpg,610,0
Teyonah Parris,2019,2,1,Female,11.785,https://image.tmdb.org/t/p/original/k3U24YNgdaINZEQ4PftebnN5cpU.jpg,611,0
Michelle Williams,2019,2,1,Female,10.8615,https://image.tmdb.org/t/p/original/sXTP6wlqIDz1tDGLU3DFbklSTpq.jpg,612,0
Randall Park,2019,2,1,Male,10.79,https://image.tmdb.org/t/p/original/1QJ4cBQZoOaLR8Hc3V2NgBLvB0f.jpg,613,0
John Mulaney,2019,2,1,Male,10.136000000000001,https://image.tmdb.org/t/p/original/dCvVHa6dI0zcavzzcaN2qNCYcoI.jpg,614,0
Dean-Charles Chapman,2019,2,1,Male,9.719,https://image.tmdb.org/t/p/original/xIVxI2ECxxN5J2XNkHPjRax0IHc.jpg,615,0
Ophelia Lovibond,2019,2,1,Female,8.173,https://image.tmdb.org/t/p/original/6VehrGtncWwMyeTx5rkq2ufbIGv.jpg,616,0
Tina Fey,2019,2,1,Female,8.068,https://image.tmdb.org/t/p/original/yPTAi1iucXf85UpiFPtyiTSM6do.jpg,617,0
Mark O'Brien,2019,2,1,Male,5.77,https://image.tmdb.org/t/p/original/aIWyiQ5F7fSVjxrUJ624NypXYUF.jpg,618,0
Tuc Watkins,2019,2,1,Male,5.535,https://image.tmdb.org/t/p/original/oZ1cxcZ1rKNzV7wZyITiaEgN8Kg.jpg,619,0
Zawe Ashton,2019,2,1,Female,5.138999999999999,https://image.tmdb.org/t/p/original/zbxVfvhPhCfgpgmWTdtHWurNqYu.jpg,620,0
Jack Kao,2019,2,1,Male,4.72,https://image.tmdb.org/t/p/original/1w9TcoYdyY8sRqLHMWIXZq0V0jj.jpg,621,0
Derek Phillips,2019,2,1,Male,3.65,https://image.tmdb.org/t/p/original/r8ylzYKi1mdOanR14899kTzD76x.jpg,622,0
Li Tian-Lu,2019,2,1,Male,2.693,https://image.tmdb.org/t/p/original/jmYczaveEa77mw77ld6p9U4nsM5.jpg,623,0
André Leon Talley,2019,2,1,Male,2.251,https://image.tmdb.org/t/p/original/guv5bwR3Jq0g9stzQBCg8J8Dhe0.jpg,624,0
Brené Brown,2019,2,1,Female,1.455,https://image.tmdb.org/t/p/original/yPIt3BPS37MlJoLPWhhJGbxJmLh.jpg,625,0
Alexandra Daddario,2019,2,0,Female,54.22,https://image.tmdb.org/t/p/original/lh5zibQXYH1MNqkuX8TmxyNYHhK.jpg,626,0
Luis Guzmán,2019,2,0,Male,53.735,https://image.tmdb.org/t/p/original/kSdxUckOJj9R5VKrLUnRy14YhNV.jpg,627,0
Helen Mirren,2019,2,0,Female,46.763999999999996,https://image.tmdb.org/t/p/original/1reKRrsdsHXJaRVHVyOEg4oPTcZ.jpg,628,0
Robert Patrick,2019,2,0,Male,42.61,https://image.tmdb.org/t/p/original/qRv2Es9rZoloullTbzss3I5j1Mp.jpg,629,0
Michael Shannon,2019,2,0,Male,39.921,https://image.tmdb.org/t/p/original/6mMczfjM8CiS1WuBOgo5Xom1TcR.jpg,630,0
Steve Zahn,2019,2,0,Male,38.49,https://image.tmdb.org/t/p/original/x66YoGbB8LUORUa8oDoJmI4ko3q.jpg,631,0
Rebecca Ferguson,2019,2,0,Female,34.889,https://image.tmdb.org/t/p/original/6NRlV9oUipeak7r00V6k73Jb7we.jpg,632,0
Lisa Kudrow,2019,2,0,Female,31.78,https://image.tmdb.org/t/p/original/9YNzHuT7L0wdEl3zua6iUYz5tYT.jpg,633,0
Bob Odenkirk,2019,2,0,Male,28.886,https://image.tmdb.org/t/p/original/rF0Lb6SBhGSTvjRffmlKRSeI3jE.jpg,634,0
Andy Serkis,2019,2,0,Male,28.186999999999998,https://image.tmdb.org/t/p/original/eNGqhebQ4cDssjVeNFrKtUvweV5.jpg,635,0
John Malkovich,2019,2,0,Male,27.976,https://image.tmdb.org/t/p/original/8YfVmWi9Z1iyX9Oc90yd9dbhSfL.jpg,636,0
Christine Baranski,2019,2,0,Female,27.635,https://image.tmdb.org/t/p/original/6R9im8aNYce2Rvnvmeo7jGZjJZQ.jpg,637,0
Anna Paquin,2019,2,0,Female,24.912,https://image.tmdb.org/t/p/original/5FjBCsn3kujldP8LizoCrc3hsHp.jpg,638,0
Charlyne Yi,2019,2,0,Male,24.735,https://image.tmdb.org/t/p/original/h8A0PEz8Ot2gotwZciL3HwyclNS.jpg,639,0
Frank Welker,2019,2,0,Male,24.441999999999997,https://image.tmdb.org/t/p/original/xXODQ5AX6pG4my8ieeEIuiAREXs.jpg,640,0
Diane Ladd,2019,2,0,Female,23.385,https://image.tmdb.org/t/p/original/2fmurzpgqZFYc8JzS64PHt0amon.jpg,641,0
Jeffrey Wright,2019,2,0,Male,23.103,https://image.tmdb.org/t/p/original/yGcuHGW4glqRpOPxgiCvjcren7F.jpg,642,0
Whoopi Goldberg,2019,2,0,Female,22.599,https://image.tmdb.org/t/p/original/78LZMMzNUJVfLI1MObxejScwZz5.jpg,643,0
Ted Levine,2019,2,0,Male,21.708000000000002,https://image.tmdb.org/t/p/original/4oqD1t4IQ06ssIogBs2Wlk95GDb.jpg,644,0
Maggie Gyllenhaal,2019,2,0,Female,20.984,https://image.tmdb.org/t/p/original/qxgM5LzzG4uWTprCL3gBVVJ2Q1K.jpg,645,0
Stephen Graham,2019,2,0,Male,20.246,https://image.tmdb.org/t/p/original/rkavERf9KK4Yvs8V4HWrTaUwoHX.jpg,646,0
Harvey Keitel,2019,2,0,Male,18.794,https://image.tmdb.org/t/p/original/7P30hza1neYWW3r7rSQOC736K2Z.jpg,647,0
M. Emmet Walsh,2019,2,0,Male,17.907,https://image.tmdb.org/t/p/original/cirz2AGsQgh34yMoMaEmttAq0qS.jpg,648,0
Jason Schwartzman,2019,2,0,Male,17.779,https://image.tmdb.org/t/p/original/gCjMdmW1DiPAClHVl4zHEIffIsE.jpg,649,0
James Le Gros,2019,2,0,Male,17.352999999999998,https://image.tmdb.org/t/p/original/rI6wK1WHBTYF9dYC04kUO0kr8oX.jpg,650,0
Oscar Nunez,2019,2,0,Male,17.053,https://image.tmdb.org/t/p/original/UBILHiRphJdlshvsyH920QSAhk.jpg,651,0
Jesse Plemons,2019,2,0,Male,16.758,https://image.tmdb.org/t/p/original/pLYgLYmUOG09BygGZhivNVOB8g0.jpg,652,0
Brie Larson,2019,2,0,Female,16.304000000000002,https://image.tmdb.org/t/p/original/iqZ5uKJWbwSITCK4CqdlUHZTnXD.jpg,653,0
Stephen Fry,2019,2,0,Male,16.009,https://image.tmdb.org/t/p/original/xeheTDmmQDFYaKxEHmyxbjrte4G.jpg,654,0
Vincent Riotta,2019,2,0,Male,14.39,https://image.tmdb.org/t/p/original/emNPSoWXnj6K5o8jrJP0E8dTWa0.jpg,655,0
Larry Miller,2019,2,0,Male,13.565,https://image.tmdb.org/t/p/original/ajnXlXG20LJwAwxne8G94ucVj0v.jpg,656,0
Charlton Heston,2019,2,0,Male,13.341,https://image.tmdb.org/t/p/original/mJabHWZrjlFiF8U8Bbr8lSFtLX6.jpg,657,0
Sung Kang,2019,2,0,Male,13.280999999999999,https://image.tmdb.org/t/p/original/ox4ti0WmpJoN19n3iYJ2T2vHP5f.jpg,658,0
Illeana Douglas,2019,2,0,Female,13.052,https://image.tmdb.org/t/p/original/w2O2SOXzwtJu9eytb3hGS7T8ftR.jpg,659,0
Holland Taylor,2019,2,0,Female,12.603,https://image.tmdb.org/t/p/original/jt9yFB3nLfZQ0c1DcnvvcfA11gB.jpg,660,0
Lakeith Stanfield,2019,2,0,Male,12.342,https://image.tmdb.org/t/p/original/28YfGuru3Gjgc0PoTN6z3aRRQsD.jpg,661,0
Noble Willingham,2019,2,0,Male,12.202,https://image.tmdb.org/t/p/original/70HEA9aOmmPmTeCvxXqJC6KGHaZ.jpg,662,0
Alfred Hitchcock,2019,2,0,Male,12.177999999999999,https://image.tmdb.org/t/p/original/108fiNM6poRieMg7RIqLJRxdAwG.jpg,663,0
Ann Dowd,2019,2,0,Female,11.356,https://image.tmdb.org/t/p/original/zo44U71uiMNVW1HSiOa5F9MpqIq.jpg,664,0
Yahya Abdul-Mateen II,2019,2,0,Male,11.038,https://image.tmdb.org/t/p/original/aBDebGZs2pAucyaK4EhHVJGm0Xu.jpg,665,0
June Diane Raphael,2019,2,0,Female,11.030999999999999,https://image.tmdb.org/t/p/original/lAwKmADejWaxNCwraNJO6tbfItb.jpg,666,0
Nonso Anozie,2019,2,0,Male,10.661,https://image.tmdb.org/t/p/original/5V5EGRRftkAMPAwRP3a0tu0Nlwe.jpg,667,0
Hannibal Buress,2019,2,0,Male,9.988999999999999,https://image.tmdb.org/t/p/original/mcw3Orbg4vbALXTVG4hriZjH1sj.jpg,668,0
Leo G. Carroll,2019,2,0,Male,9.818999999999999,https://image.tmdb.org/t/p/original/9Xr1695IaBwQcTsYHRBuH0KwPYW.jpg,669,0
Chang Chen,2019,2,0,Male,9.611,https://image.tmdb.org/t/p/original/7GHGozSsjERpQwvVwIhd1i6Yl7Y.jpg,670,0
Will Forte,2019,2,0,Male,9.606,https://image.tmdb.org/t/p/original/kphnirb7YggSVEhGI47kACxaIJQ.jpg,671,0
John Hillerman,2019,2,0,Male,9.367,https://image.tmdb.org/t/p/original/sZ44pzr7OJrdxGfsGjTMavFCW2K.jpg,672,0
Simon McBurney,2019,2,0,Male,8.962,https://image.tmdb.org/t/p/original/wwN02i4RBoPHDdOKXBV5AhFALdT.jpg,673,0
Rosalind Chao,2019,2,0,Female,8.818,https://image.tmdb.org/t/p/original/vTt8RYw8VJXNru7AMP49Q6FcvzM.jpg,674,0
Kevin J. O'Connor,2019,2,0,Male,8.7,https://image.tmdb.org/t/p/original/1q5MnllB6jbwCgMaGistJ917RQL.jpg,675,0
Victor Wong,2019,2,0,Male,8.687999999999999,https://image.tmdb.org/t/p/original/3XvU2mK3i5V8Un7HyZn5pVnp4qw.jpg,676,0
Lisa Lu,2019,2,0,Female,8.644,https://image.tmdb.org/t/p/original/cK69ncJvlUVnJwsVinSYc4n8yWw.jpg,677,0
Scout Taylor-Compton,2019,2,0,Female,8.583,https://image.tmdb.org/t/p/original/361hHwUGT4HdJw9xYGULaUNtLKu.jpg,678,0
James Saito,2019,2,0,Male,8.575,https://image.tmdb.org/t/p/original/lA4woLg6MeSr7lK6hvBtY384kAU.jpg,679,0
Ian Holm,2019,2,0,Male,8.251,https://image.tmdb.org/t/p/original/cOJDgvgj4nMec6Inzj1H5nugTO5.jpg,680,0
Vivian Wu,2019,2,0,Female,8.171,https://image.tmdb.org/t/p/original/6XLjcLxICMms0YLS4tpUNg8GhHR.jpg,681,0
Obba Babatundé,2019,2,0,Male,7.646,https://image.tmdb.org/t/p/original/jkvxfhETmwR877VluO5kfbxxNER.jpg,682,0
Nicoletta Braschi,2019,2,0,Female,7.625,https://image.tmdb.org/t/p/original/i1BYJhg2V6PZEkCaMyYNLRqutmM.jpg,683,0
Callan Mulvey,2019,2,0,Male,7.541,https://image.tmdb.org/t/p/original/dSTWVK03Ajl1mWViJxMPypQUgqB.jpg,684,0
Jennifer Hudson,2019,2,0,Female,7.419,https://image.tmdb.org/t/p/original/kxVtkVJP3zHidnIzkf1jUV1yJxo.jpg,685,0
Bashir Salahuddin,2019,2,0,Male,7.024,https://image.tmdb.org/t/p/original/ZL5MRzjd6kWkvQXqh5mgPY1CKP.jpg,686,0
Paul Dooley,2019,2,0,Male,6.972,https://image.tmdb.org/t/p/original/7nTdbpU4wIsSDZ8WCPXNJOG9KPI.jpg,687,0
Bill Camp,2019,2,0,Male,6.6979999999999995,https://image.tmdb.org/t/p/original/yZFata0EVr7TbIAz8vZFyiDKDts.jpg,688,0
Michelle Buteau,2019,2,0,Female,6.232,https://image.tmdb.org/t/p/original/mgAH1JsATQXsQPwquuNJpqux4TO.jpg,689,0
Charles Napier,2019,2,0,Male,6.207000000000001,https://image.tmdb.org/t/p/original/w16LEJlHDtqGWeFCk5a7a2GDeBK.jpg,690,0
Dwight Yoakam,2019,2,0,Male,6.02,https://image.tmdb.org/t/p/original/lMqcRiQs2OELf0xvFbLbX4nnXi8.jpg,691,0
Porter Hall,2019,2,0,Male,5.8,https://image.tmdb.org/t/p/original/8VObqTCOljxeyfVWaIthtEbw4lm.jpg,692,0
Raúl Castillo,2019,2,0,Male,5.417999999999999,https://image.tmdb.org/t/p/original/GyEBZMh6Hslc2jO20V7aSn1tge.jpg,693,0
Naomi Campbell,2019,2,0,Female,5.377999999999999,https://image.tmdb.org/t/p/original/szSm9TgGVS8clzNQFGyWDfaq6OG.jpg,694,0
Blaine Kern III,2019,2,0,Male,5.222,https://image.tmdb.org/t/p/original/ajXDuVsiEeNSJ1US1tWRRmKNGNs.jpg,695,0
Brian George,2019,2,0,Male,5.096,https://image.tmdb.org/t/p/original/mHjc58pfKkxtghhliPOnNz0SlcT.jpg,696,0
Marcia Jean Kurtz,2019,2,0,Female,5.067,https://image.tmdb.org/t/p/original/qRZMvp6EllY83RRpKzcBdKklgoU.jpg,697,0
Phi Vu,2019,2,0,Male,4.93,https://image.tmdb.org/t/p/original/2jUCUmgbzgYXgjsAaRrxKV1TIWw.jpg,698,0
Parker Sawyers,2019,2,0,Male,4.906000000000001,https://image.tmdb.org/t/p/original/9YonM2rlIEV9rwGbIcX6uB8bJZW.jpg,699,0
Richard Cordery,2019,2,0,Male,3.978,https://image.tmdb.org/t/p/original/dQXORgAzgjVXl9SXQBgsjflHZoP.jpg,700,0
Richard McCabe,2019,2,0,Male,3.7889999999999997,https://image.tmdb.org/t/p/original/j7ra3qbWSYKwONNfJ6GBMuIoixY.jpg,701,0
Frank Orth,2019,2,0,Male,3.589,https://image.tmdb.org/t/p/original/s8yUbtAu6wueQjDRncuSX6x6ZUt.jpg,702,0
Tsai Chen-Nan,2019,2,0,Male,3.4339999999999997,https://image.tmdb.org/t/p/original/5PCVlObA9bt4kHagfoEN5SF2NW9.jpg,703,0
Ronald Reagan,2019,2,0,Male,2.9819999999999998,https://image.tmdb.org/t/p/original/tuB7bNPABSP3MtPKpdttbz2OdSU.jpg,704,0
Martin Brambach,2019,2,0,Male,2.888,https://image.tmdb.org/t/p/original/Gso7o3DTnxlGbtIE8CL6swdxox.jpg,705,0
Brooks Benedict,2019,2,0,Male,2.656,https://image.tmdb.org/t/p/original/l3Bw5oBij94yG0QSO45inFnySRZ.jpg,706,0
Ian Harcourt,2019,2,0,Male,2.526,https://image.tmdb.org/t/p/original/cusbc5RNGmY2bFeSeA3mUsjQIQs.jpg,707,0
Seth Meyers,2019,2,0,Male,2.478,https://image.tmdb.org/t/p/original/nCcvpJFHWYHfu5oPxTOyA1uSdqA.jpg,708,0
Yang Li-yin,2019,2,0,Female,2.423,https://image.tmdb.org/t/p/original/4gcAn8YOQSy5NKwgT1M0C6NE4xw.jpg,709,0
Juliet Stevenson,2019,2,0,Female,2.209,https://image.tmdb.org/t/p/original/vfa2rMTtYGcjBPDtrOpSBEwpTcI.jpg,710,0
Anna Deavere Smith,2019,2,0,Female,2.0909999999999997,https://image.tmdb.org/t/p/original/1LJYoLzI26BBm4pmOJk4UT9vABt.jpg,711,0
Kate Easton,2019,2,0,Female,2.089,https://image.tmdb.org/t/p/original/dNssolhR2agjPOHkfMGK8DG3Udd.jpg,712,0
Vanessa Aspillaga,2019,2,0,Female,2.008,https://image.tmdb.org/t/p/original/r6glFQRIQ7USNgJTG7HwJSf18CX.jpg,713,0
Henry Goodman,2019,2,0,Male,1.911,https://image.tmdb.org/t/p/original/5GTCMmzXa68PmitzuEyEpvjUUxO.jpg,714,0
Daxing Zhang,2019,2,0,Male,1.88,https://i0.wp.com/s.ltrbxd.com/static/img/avatar1000.a71b6e9c.png?ssl=1,715,0
Peter Jaymes Jr.,2019,2,0,Male,1.879,https://image.tmdb.org/t/p/original/84j5Wn7S6V1CxXWeNHCGeKMmKVM.jpg,716,0
Andre B. Blake,2019,2,0,Male,1.732,https://image.tmdb.org/t/p/original/fDqEAu9Y2OyoGSG5W9HQNLbFBF5.jpg,717,0
Jane Perry,2019,2,0,Female,1.646,https://image.tmdb.org/t/p/original/gajiGfToSOUQvfy7wy8TwZi6hW9.jpg,718,0
Robert W. Castle,2019,2,0,Male,1.5190000000000001,https://image.tmdb.org/t/p/original/5NIaVNPRVEFCHTrp0o19JzmOJIL.jpg,719,0
Jane Morris,2019,2,0,Female,1.48,https://image.tmdb.org/t/p/original/8rNS5qEl8ALKa5spSExpuIUA4vR.jpg,720,0
Lauren Weedman,2019,2,0,Female,1.402,https://image.tmdb.org/t/p/original/qnv0uDWV62sZZlaEIct7KPTKS3Z.jpg,721,0
John Beradino,2019,2,0,Male,1.3319999999999999,https://image.tmdb.org/t/p/original/v1MauQ5gDreTktRYfj5PPSl32F1.jpg,722,0
Dalton Harrod,2019,2,0,Male,1.222,https://image.tmdb.org/t/p/original/eAv3c0EzAbbYnWbAVEnKBl3pfUT.jpg,723,0
Huang Chien-ru,2019,2,0,Male,1.176,https://i0.wp.com/s.ltrbxd.com/static/img/avatar1000.a71b6e9c.png?ssl=1,724,0
Tim Young,2019,2,0,Male,0.6234999999999999,https://i0.wp.com/s.ltrbxd.com/static/img/avatar1000.a71b6e9c.png?ssl=1,725,0
Adam Driver,2018,4,2,Male,16.386,https://image.tmdb.org/t/p/original/mG2vwd6hJHTiCh8zIxPFND3ibAj.jpg,726,1
Julianne Moore,2018,3,3,Female,28.528000000000002,https://image.tmdb.org/t/p/original/3YF19rWusxWfEI59ZM33dFhasRq.jpg,727,1
Amanda Seyfried,2018,3,3,Female,22.39,https://image.tmdb.org/t/p/original/gtBUIpZ3dvLpOMIVORxE6sHSyZj.jpg,728,0
Mike Birbiglia,2018,3,3,Male,3.122,https://image.tmdb.org/t/p/original/kK7dXCSPMRx9EYAFvZ0ugA1sMUZ.jpg,729,0
Sarah Paulson,2018,3,2,Female,17.346,https://image.tmdb.org/t/p/original/jkhpv4oPNcMSvPPDUuCyPIFwYyS.jpg,730,0
Chadwick Boseman,2018,3,2,Male,16.871,https://image.tmdb.org/t/p/original/nL16SKfyP1b7Hk6LsuWiqMfbdb8.jpg,731,0
Alex Wolff,2018,3,2,Male,12.197000000000001,https://image.tmdb.org/t/p/original/hMhGWS5nB7ZGA3B1aefY39pizgm.jpg,732,0
John Mulaney,2018,3,2,Male,10.136000000000001,https://image.tmdb.org/t/p/original/dCvVHa6dI0zcavzzcaN2qNCYcoI.jpg,733,0
Willem Dafoe,2018,3,1,Male,66.395,https://image.tmdb.org/t/p/original/ui8e4sgZAwMPi3hzEO53jyBJF9B.jpg,734,0
Samuel L. Jackson,2018,3,1,Male,61.49800000000001,https://image.tmdb.org/t/p/original/nCJJ3NVksYNxIzEHcyC1XziwPVj.jpg,735,0
Michelle Williams,2018,3,1,Female,20.157,https://image.tmdb.org/t/p/original/sXTP6wlqIDz1tDGLU3DFbklSTpq.jpg,736,0
Alessandro Nivola,2018,3,1,Male,12.807,https://image.tmdb.org/t/p/original/6simAB2dFVjjaNqx2qhSBRQpfmA.jpg,737,0
Chelsea Peretti,2018,3,1,Female,11.725,https://image.tmdb.org/t/p/original/4sy7TD87DEbGm0Tgv1ZgYumexqj.jpg,738,0
Anna Wintour,2018,3,1,Female,3.59,https://image.tmdb.org/t/p/original/n14ZUjdjBkdFKDJsbvUubcYPA4i.jpg,739,0
Christine Baranski,2018,3,0,Female,27.635,https://image.tmdb.org/t/p/original/6R9im8aNYce2Rvnvmeo7jGZjJZQ.jpg,740,0
Anthony Mackie,2018,3,0,Male,21.909000000000002,https://image.tmdb.org/t/p/original/eZSIDrtTzhvabyjrmIITQLsjx8h.jpg,741,0
Paul Bettany,2018,3,0,Male,20.930999999999997,https://image.tmdb.org/t/p/original/oNrDowF5cRtK5lJJuCAh0KeFizy.jpg,742,0
Joe Alwyn,2018,3,0,Male,20.105999999999998,https://image.tmdb.org/t/p/original/npvlAf0f2zciFdB6uwPx9j8xJHj.jpg,743,0
Jesse Plemons,2018,3,0,Male,16.758,https://image.tmdb.org/t/p/original/pLYgLYmUOG09BygGZhivNVOB8g0.jpg,744,0
Stephen Tobolowsky,2018,3,0,Male,12.392000000000001,https://image.tmdb.org/t/p/original/4GNQJVEcU4V8AGVMXKM5FVOuW8h.jpg,745,0
Drew Starkey,2018,3,0,Male,11.363999999999999,https://image.tmdb.org/t/p/original/vKDIk7HNOnDQs4uJoHwbkJPD9ua.jpg,746,0
"D.J. ""Shangela"" Pierce",2018,3,0,Male,3.8089999999999997,https://image.tmdb.org/t/p/original/kHMN4zTZuTA6HITg2VlOxeHtcQo.jpg,747,0
RuPaul,2018,3,0,Male,3.6710000000000007,https://image.tmdb.org/t/p/original/aqmub88LK5Cic8yZwwfcDqIQQqk.jpg,748,0
Tig Notaro,2018,2,3,Female,6.682,https://image.tmdb.org/t/p/original/tdZ6XLzIaK0HWWPSM2B5OrOqUC0.jpg,749,0
Noah Centineo,2018,2,2,Male,108.538,https://image.tmdb.org/t/p/original/p1bcst401RyxfDGykx2iQLI7CV5.jpg,750,0
Margot Robbie,2018,2,2,Female,81.414,https://image.tmdb.org/t/p/original/euDPyqLnuwaWMHajcU3oZ9uZezR.jpg,751,0
Sandra Bullock,2018,2,2,Female,46.027,https://image.tmdb.org/t/p/original/u2tnZ0L2dwrzFKevVANYT5Pb1nE.jpg,752,0
Toni Collette,2018,2,2,Female,45.147,https://image.tmdb.org/t/p/original/lzXRh16qe4HHeBN6tMyw0DHvaMn.jpg,753,0
Nicolas Cage,2018,2,2,Male,44.957,https://image.tmdb.org/t/p/original/ar33qcWbEgREn07ZpXv5Pbj8hbM.jpg,754,0
Oscar Isaac,2018,2,2,Male,44.505,https://image.tmdb.org/t/p/original/dW5U5yrIIPmMjRThR9KT2xH6nTz.jpg,755,0
Michael B. Jordan,2018,2,2,Male,41.651,https://image.tmdb.org/t/p/original/4vXkRCbrquoP5Lrb4px7tubDLMC.jpg,756,0
Paul Rudd,2018,2,2,Male,40.553000000000004,https://image.tmdb.org/t/p/original/8eTtJ7XVXY0BnEeUaSiTAraTIXd.jpg,757,0
Rachel Weisz,2018,2,2,Female,39.19,https://image.tmdb.org/t/p/original/msTqKPA33ryVtcVNgOdeaJGYq16.jpg,758,0
Jessica Chastain,2018,2,2,Female,38.014,https://image.tmdb.org/t/p/original/mR1ELpP0T2Q1ZRSaADPgtrbPGla.jpg,759,0
Nicole Kidman,2018,2,2,Female,31.107,https://image.tmdb.org/t/p/original/jTtiPqW6VlNE9nTf4BuUzuIqzlR.jpg,760,0
Steve Carell,2018,2,2,Male,26.06,https://image.tmdb.org/t/p/original/dzJtsLspH5Bf8Tvw7OQC47ETNfJ.jpg,761,0
Tessa Thompson,2018,2,2,Female,25.808000000000003,https://image.tmdb.org/t/p/original/fycqdiiM6dsNSbnONBVVQ57ILV1.jpg,762,0
Rachel McAdams,2018,2,2,Female,23.244,https://image.tmdb.org/t/p/original/2zyOjda95OfAAsJvuwTV0UaznPZ.jpg,763,0
Gael García Bernal,2018,2,2,Male,21.104,https://image.tmdb.org/t/p/original/7mq3EQN1oJfYNXkv9xKXKu6Ccw5.jpg,764,0
Greta Gerwig,2018,2,2,Female,15.318,https://image.tmdb.org/t/p/original/3H0xzU12GTNJyQTpGysEuI9KyiQ.jpg,765,0
Joaquin Phoenix,2018,2,2,Male,14.583,https://image.tmdb.org/t/p/original/1UzIGSKFH0A9ouwnMwQQWUiqV2s.jpg,766,0
Millicent Simmonds,2018,2,2,Female,7.4510000000000005,https://image.tmdb.org/t/p/original/3iDxFc3e2PExQgP9zxDUzXOwzrW.jpg,767,0
Bianca Del Rio,2018,2,2,Male,4.531000000000001,https://image.tmdb.org/t/p/original/c4hj4hncLTJiI2NYRgzTzbdLrpN.jpg,768,0
Madeline Weinstein,2018,2,2,Female,1.176,https://image.tmdb.org/t/p/original/vmJ04v3AZoWEM8utymTq0ffxaOl.jpg,769,0
Chloë Grace Moretz,2018,2,1,Female,102.25,https://image.tmdb.org/t/p/original/u08QwcFnJpMtsDEYSlbUkMuE7bP.jpg,770,0
Timothée Chalamet,2018,2,1,Male,59.651,https://image.tmdb.org/t/p/original/c2olhQqQYWDob5iEj4B2n7Wd2mc.jpg,771,0
Brendan Gleeson,2018,2,1,Male,40.109,https://image.tmdb.org/t/p/original/379TXtBPRrkBDrEBWPQ5v3up7kT.jpg,772,0
Andy García,2018,2,1,Male,34.077,https://image.tmdb.org/t/p/original/s9sFJ2TEVYBThRuLTz7GnAaLisV.jpg,773,0
Tom Cruise,2018,2,1,Male,33.796,https://image.tmdb.org/t/p/original/8qBylBsQf4llkGrWR3qAsOtOU8O.jpg,774,0
Seth Rogen,2018,2,1,Male,33.345,https://image.tmdb.org/t/p/original/2dPFskUtoiG0xafsSEGl9Oz4teA.jpg,775,0
Michelle Pfeiffer,2018,2,1,Female,28.581,https://image.tmdb.org/t/p/original/oGUmQBU87QXAsnaGleYaAjAXSlj.jpg,776,0
Lily James,2018,2,1,Female,28.03,https://image.tmdb.org/t/p/original/hi9MRy2WhlMqlDZJP1SEvK1256V.jpg,777,0
Nicholas Hoult,2018,2,1,Male,25.475,https://image.tmdb.org/t/p/original/h1gXgpuXERZTVhxMdjT7uvXIyq6.jpg,778,0
Elizabeth Olsen,2018,2,1,Female,24.206,https://image.tmdb.org/t/p/original/wIU675y4dofIDVuhaNWPizJNtep.jpg,779,0
Michael Douglas,2018,2,1,Male,23.476999999999997,https://image.tmdb.org/t/p/original/a9Wv46dztngtJrqbHJ7eGrvgWc6.jpg,780,0
Elizabeth Banks,2018,2,1,Female,21.789,https://image.tmdb.org/t/p/original/zrkI1dYucpTM8Qydtrtro9MgQPb.jpg,781,0
Jennifer Ehle,2018,2,1,Female,21.578000000000003,https://image.tmdb.org/t/p/original/kMddVKineLFpxsUoGrb3E6edkOv.jpg,782,0
Kristen Stewart,2018,2,1,Female,20.75,https://image.tmdb.org/t/p/original/rCU7XhHavFAKatkrC2yFWO4FCXX.jpg,783,0
Danny Glover,2018,2,1,Male,20.125999999999998,https://image.tmdb.org/t/p/original/m3wq4FEXL9oyh8sk1to4GI8A2dc.jpg,784,0
Ed Helms,2018,2,1,Male,19.547,https://image.tmdb.org/t/p/original/gPZ8tZaNQGAc3KZRIPp9rgGbEnN.jpg,785,0
Sebastian Stan,2018,2,1,Male,19.282,https://image.tmdb.org/t/p/original/nKZgixTbHFXpkzzIpMFdLX98GYh.jpg,786,0
Colin Firth,2018,2,1,Male,18.684,https://image.tmdb.org/t/p/original/4VBeYEUQbfhnivdkqInM36u5fda.jpg,787,0
Jason Beghe,2018,2,1,Male,17.46,https://image.tmdb.org/t/p/original/hrTwOPWek7nkPJgFhh6inFu7vSS.jpg,788,0
Candice Bergen,2018,2,1,Female,17.064,https://image.tmdb.org/t/p/original/yDthvXPRkcwSVcPj9QZz3Z7ZH5B.jpg,789,0
Catherine Keener,2018,2,1,Female,16.796,https://image.tmdb.org/t/p/original/n4CTwGszs6cwS1wJRlDQ5Mlh7Ex.jpg,790,0
Geena Davis,2018,2,1,Female,15.008,https://image.tmdb.org/t/p/original/bx9ufx5cS7FfHDFFeT71syBh428.jpg,791,0
Craig T. Nelson,2018,2,1,Male,13.662,https://image.tmdb.org/t/p/original/rMh8qdexFKmc7mq7oLzsLLvCCjs.jpg,792,0
Olympia Dukakis,2018,2,1,Female,12.75,https://image.tmdb.org/t/p/original/pwoIzB9QSjKkWORQ7SpetnxFizf.jpg,793,0
Jason O'Mara,2018,2,1,Male,11.554,https://image.tmdb.org/t/p/original/hYylPvwMALoQU09r7tvCU24thh0.jpg,794,0
Danny Aiello,2018,2,1,Male,8.351,https://image.tmdb.org/t/p/original/e7Q6hgWilShqGZ572ByWF9eshMm.jpg,795,0
Barry Shabaka Henley,2018,2,1,Male,8.18,https://image.tmdb.org/t/p/original/q0hI6T9OlmdUYdjYRX8K3pdRnYH.jpg,796,0
Rachel Dratch,2018,2,1,Female,7.968,https://image.tmdb.org/t/p/original/5I1P5oQ3WyV4eIM8E89zO1xVYuM.jpg,797,0
Cynthia Nixon,2018,2,1,Female,7.565,https://image.tmdb.org/t/p/original/a366FCtQYmT80vQnPMFZ4hsTwuU.jpg,798,0
Ekaterina Samsonov,2018,2,1,Female,7.5520000000000005,https://image.tmdb.org/t/p/original/rZD4nlJ1QsNNDNpq9FVPRwMu0uR.jpg,799,0
Isabelle Nélisse,2018,2,1,Female,7.5489999999999995,https://image.tmdb.org/t/p/original/sRM6Emnh6kWC44prmuitKOnM2KJ.jpg,800,0
Stephanie Allynne,2018,2,1,Female,4.237,https://image.tmdb.org/t/p/original/orxxs8G1QdKt1tECyJu3qiWCV8M.jpg,801,0
Bill Cunningham,2018,2,1,Male,1.6059999999999999,https://image.tmdb.org/t/p/original/75oNbVQ5wEfwKISRinClJ3jlazw.jpg,802,0
Rosa Salazar,2018,2,0,Female,36.568000000000005,https://image.tmdb.org/t/p/original/hrU1Kg1SH03x0RRmWEzmnWEonuU.jpg,803,0
Clancy Brown,2018,2,0,Male,31.604,https://image.tmdb.org/t/p/original/uzkU71DkwwRyO7qxwD0A254PjAS.jpg,804,0
David Tennant,2018,2,0,Male,29.43,https://image.tmdb.org/t/p/original/zM76EBPZkdkSHyESyIUa47aP87R.jpg,805,0
Bob Odenkirk,2018,2,0,Male,28.886,https://image.tmdb.org/t/p/original/rF0Lb6SBhGSTvjRffmlKRSeI3jE.jpg,806,0
Forest Whitaker,2018,2,0,Male,27.51,https://image.tmdb.org/t/p/original/fugyEeN6sisuYi07HSoxdVHm0CZ.jpg,807,0
Mindy Kaling,2018,2,0,Female,24.146,https://image.tmdb.org/t/p/original/7ySdirSfk8U55nAXLiKBBbxyvvM.jpg,808,0
Kelly Preston,2018,2,0,Female,23.925,https://image.tmdb.org/t/p/original/kEBLn0igo3OcNgXQ6cpoPTEaIUv.jpg,809,0
Giancarlo Esposito,2018,2,0,Male,22.629,https://image.tmdb.org/t/p/original/lBvDQZjxhIGMbH61iHnqerpbqHc.jpg,810,0
Gemma Chan,2018,2,0,Female,20.943,https://image.tmdb.org/t/p/original/stTKj4iNauhqlVmZ6XAsFsvcMCY.jpg,811,0
Bobby Cannavale,2018,2,0,Male,20.85,https://image.tmdb.org/t/p/original/gYQwTbEj5IBPYKLGKgrsNGrWAMl.jpg,812,0
Awkwafina,2018,2,0,Female,20.671999999999997,https://image.tmdb.org/t/p/original/l5AKkg3H1QhMuXmTTmq1EyjyiRb.jpg,813,0
John Turturro,2018,2,0,Male,20.184,https://image.tmdb.org/t/p/original/6O9W9cJW0kCqMzYeLupV9oH0ftn.jpg,814,0
Jerry O'Connell,2018,2,0,Male,19.852999999999998,https://image.tmdb.org/t/p/original/p2zcFeDIKUrPrbT5ODqoLifdN3Q.jpg,815,0
Peter Mullan,2018,2,0,Male,18.345,https://image.tmdb.org/t/p/original/7Y6oHcv719kfYxpWcYAE7wXzE7C.jpg,816,0
Timothy Hutton,2018,2,0,Male,17.814,https://image.tmdb.org/t/p/original/oWVtWGEauBs0zXrk0cWqiqYxJtN.jpg,817,0
Sterling K. Brown,2018,2,0,Male,17.506,https://image.tmdb.org/t/p/original/vjFATaJfAyBie56J4Qv2DQ9Dyem.jpg,818,0
Christopher Abbott,2018,2,0,Male,16.736,https://image.tmdb.org/t/p/original/7H5oo9jJSgrTNSvuD5IPA4gnOYW.jpg,819,0
Danai Gurira,2018,2,0,Female,15.382,https://image.tmdb.org/t/p/original/gjTMEc5bl5iA1aO9KweIQ1vcuWp.jpg,820,0
Paul Walter Hauser,2018,2,0,Male,15.139000000000001,https://image.tmdb.org/t/p/original/x2RVFwCGTdkwAGeVG5GQJmjxGh5.jpg,821,0
Danny Huston,2018,2,0,Male,14.885,https://image.tmdb.org/t/p/original/iiVgafHitV0IbJYbaSNtHcWHF7P.jpg,822,0
Wayne Duvall,2018,2,0,Male,14.567,https://image.tmdb.org/t/p/original/lLCBQSWbxtl1oWK3pCS2oQff7Y9.jpg,823,0
Ian Hart,2018,2,0,Male,14.546,https://image.tmdb.org/t/p/original/mP4g3ipzMZtaUCXQMWud1Ar36mB.jpg,824,0
Sophia Bush,2018,2,0,Female,14.460999999999999,https://image.tmdb.org/t/p/original/fIqWUuyLYlRqIWtV1vLHND7r0yu.jpg,825,0
Fred Hechinger,2018,2,0,Male,12.698,https://image.tmdb.org/t/p/original/dLFy4KFR556j4Z9WstsslhJCwyZ.jpg,826,0
Sarah Silverman,2018,2,0,Female,11.991,https://image.tmdb.org/t/p/original/vgNBorEu5VDpjy9WmxWeH0Yoo37.jpg,827,0
Stacy Martin,2018,2,0,Female,11.575,https://image.tmdb.org/t/p/original/2eRIvurxaDFKqC9BzAAiYhJp90Z.jpg,828,0
Ann Dowd,2018,2,0,Female,11.356,https://image.tmdb.org/t/p/original/zo44U71uiMNVW1HSiOa5F9MpqIq.jpg,829,0
David Cross,2018,2,0,Male,11.239,https://image.tmdb.org/t/p/original/psU22y9yP3uheVc4LWeHjLkeqEM.jpg,830,0
Xander Berkeley,2018,2,0,Male,10.862,https://image.tmdb.org/t/p/original/oBoKGfngGGZmSVGFslphYjc23WO.jpg,831,0
Udo Kier,2018,2,0,Male,10.81,https://image.tmdb.org/t/p/original/lIOGDMvrVHMgPXdhicLI41tY1zf.jpg,832,0
Bill Duke,2018,2,0,Male,10.770999999999999,https://image.tmdb.org/t/p/original/3g2ggBB7hGq1gnQwiJtHgfX2AbF.jpg,833,0
Jonathan Aris,2018,2,0,Male,9.99,https://image.tmdb.org/t/p/original/46T3x7CePc22Z5KvkR4OulmVORU.jpg,834,0
Chelcie Ross,2018,2,0,Male,9.797,https://image.tmdb.org/t/p/original/yerwaFvmmtkZSfT68Bhbn1U6I5P.jpg,835,0
Common,2018,2,0,Male,9.781,https://image.tmdb.org/t/p/original/dHOcvZJmHz50gk78Eta7PfoZQLH.jpg,836,0
Michael Harney,2018,2,0,Male,9.613999999999999,https://image.tmdb.org/t/p/original/j64sglNnGc5fAHPEkJ1TmKOITQP.jpg,837,0
Cherry Jones,2018,2,0,Female,9.252,https://image.tmdb.org/t/p/original/kXvzR2JFgTQhaUdMVZi23KXDB8c.jpg,838,0
Joshua Mikel,2018,2,0,Male,9.163,https://image.tmdb.org/t/p/original/aySpZ2uYz65C8CrHgEdrTy8jt70.jpg,839,0
Damian Young,2018,2,0,Male,9.152999999999999,https://image.tmdb.org/t/p/original/a4r1lpQT3OQoyz1WdsZG6WHvFjy.jpg,840,0
Rihanna,2018,2,0,Female,9.079,https://image.tmdb.org/t/p/original/idQMtwmB3LMvNXMfod6vIBzXvDg.jpg,841,0
Robert Clohessy,2018,2,0,Male,8.872,https://image.tmdb.org/t/p/original/lhNUk6PF0mNhgbvTDxXfIy4uhRe.jpg,842,0
Alan Cumming,2018,2,0,Male,8.03,https://image.tmdb.org/t/p/original/9ENvxomhVWXTi0S0I13agqRMBOd.jpg,843,0
Martin Donovan,2018,2,0,Male,7.957000000000001,https://image.tmdb.org/t/p/original/wTCmpcmd8mcAbsX6Yc7zFs2J98Q.jpg,844,0
Marceline Hugot,2018,2,0,Female,7.723,https://image.tmdb.org/t/p/original/sgMqp6wANDPpnpu11VALilQUOlP.jpg,845,0
Michael Cyril Creighton,2018,2,0,Male,7.685,https://image.tmdb.org/t/p/original/nQ5CDkwEpLoscUNKq2xbu0u1UvD.jpg,846,0
Marina Squerciati,2018,2,0,Female,7.308,https://image.tmdb.org/t/p/original/j8OI9j2HUnKCIWgu8DBn7Mm3ryl.jpg,847,0
Daisy Tahan,2018,2,0,Female,6.466,https://image.tmdb.org/t/p/original/tbb8bs7apjXGaVtMwBsK9fZd1c9.jpg,848,0
Robin Bartlett,2018,2,0,Female,6.024,https://image.tmdb.org/t/p/original/bZS5omu7ZVmSQboNQZ999PrUXAj.jpg,849,0
Richard Edson,2018,2,0,Male,5.6979999999999995,https://image.tmdb.org/t/p/original/7PUQgvEZa7wDtai1DltgdISyfjp.jpg,850,0
Raoul Bhaneja,2018,2,0,Male,5.257000000000001,https://image.tmdb.org/t/p/original/yuIZwbt53OJcogTfbsv2UF2TTqE.jpg,851,0
Willam Belli,2018,2,0,Male,5.103,https://image.tmdb.org/t/p/original/mh2EZS3wIsVPTIrPxOiMxGuWgov.jpg,852,0
Daniel Zolghadri,2018,2,0,Male,4.841,https://image.tmdb.org/t/p/original/gN3pqBffxKmCRw2pK1aif5StN3D.jpg,853,0
Noah Robbins,2018,2,0,Male,4.762,https://image.tmdb.org/t/p/original/ddbhyhPmLutdjWSFgF9kRTSsjYH.jpg,854,0
Grace Lynn Kung,2018,2,0,Female,4.745,https://image.tmdb.org/t/p/original/4iJEk5nwNOQGLOmLOHizvw5rorM.jpg,855,0
Amy Aquino,2018,2,0,Female,4.676,https://image.tmdb.org/t/p/original/59E061EJyEl2CLcBd12p9Vi7q0B.jpg,856,0
Angela Winkler,2018,2,0,Female,4.427,https://image.tmdb.org/t/p/original/vX2MuzSTmhxx1uWrplsUP6aXaV6.jpg,857,0
Stark Sands,2018,2,0,Male,4.249,https://image.tmdb.org/t/p/original/1poaqSFQT2ElzyJVbWLhoaXlnq1.jpg,858,0
Nada Despotovich,2018,2,0,Female,3.614,https://i0.wp.com/s.ltrbxd.com/static/img/avatar1000.a71b6e9c.png?ssl=1,859,0
Leah Procito,2018,2,0,Female,2.951,https://image.tmdb.org/t/p/original/qfweXm8hw3MqGPoIo778DoTTx12.jpg,860,0
Austin R. Grant,2018,2,0,Male,2.82,https://image.tmdb.org/t/p/original/2sYSl9yx80bplnCbOGqlxelvetE.jpg,861,0
André Leon Talley,2018,2,0,Male,2.251,https://image.tmdb.org/t/p/original/guv5bwR3Jq0g9stzQBCg8J8Dhe0.jpg,862,0
Gerard Monaco,2018,2,0,Male,2.211,https://image.tmdb.org/t/p/original/qMSwdA3InoaA2p8kFObUb2RoL8w.jpg,863,0
Gretchen Koerner,2018,2,0,Female,2.142,https://image.tmdb.org/t/p/original/6D7LrZnGCtBoh2i7nXWW3i8KyU5.jpg,864,0
Melissa Disney,2018,2,0,Female,1.702,https://image.tmdb.org/t/p/original/59T1OcQ1unwode4Vwgo69L4l1Ac.jpg,865,0
Denton Blane Everett,2018,2,0,Male,1.577,https://i0.wp.com/s.ltrbxd.com/static/img/avatar1000.a71b6e9c.png?ssl=1,866,0
Jaden Michael,2018,2,0,Male,1.5530000000000002,https://image.tmdb.org/t/p/original/g7SvEsEJRyibSfvYlgr6wIGCBgD.jpg,867,0
Isabella Amara,2018,2,0,Female,1.361,https://image.tmdb.org/t/p/original/hz2uP4Qjucj5my9rLc0FO9aWV2E.jpg,868,0
Ato Blankson-Wood,2018,2,0,Male,0.972,https://image.tmdb.org/t/p/original/7LkEG7Clu3jLdd2p1OqBcoBvFLq.jpg,869,0
Kaleb King,2018,2,0,Male,0.84,https://i0.wp.com/s.ltrbxd.com/static/img/avatar1000.a71b6e9c.png?ssl=1,870,0
Molly Ryman,2018,2,0,Female,0.6,https://i0.wp.com/s.ltrbxd.com/static/img/avatar1000.a71b6e9c.png?ssl=1,871,0
Téa Mckay,2018,2,0,Male,0.6,https://i0.wp.com/s.ltrbxd.com/static/img/avatar1000.a71b6e9c.png?ssl=1,871,0
