name,job,Logged_Year,movie_count,gender,popularity,profile_path,order,display
Terence Davies,Writer,2022,2,Male,1.699,https://image.tmdb.org/t/p/original/uBbFee7ggk5vrCK4kcAcLOSYi0y.jpg,0,1
Billy Wilder,Screenplay,2022,2,Male,7.04,https://image.tmdb.org/t/p/original/tfVte6h2dlLn59Q0Mi6AvWAyRLP.jpg,1,1
Richard LaGravenese,Screenplay,2022,2,Male,6.3820000000000014,https://i0.wp.com/s.ltrbxd.com/static/img/avatar1000.a71b6e9c.png?ssl=1,2,0
Carrie Fisher,Screenplay,2022,2,Female,6.242000000000001,https://image.tmdb.org/t/p/original/veakLIqGCbG0ek3YKfrlzcF72CG.jpg,3,0
Kevin Williamson,Screenplay,2022,2,Male,5.86,https://image.tmdb.org/t/p/original/jWgZZoKBU1WFaCO5C7jpMBZ7xJs.jpg,4,0
Michael Kahn,Editor,2022,3,Male,2.891,https://image.tmdb.org/t/p/original/jb4Y9q1q91VRQJue0VXhU7VcXce.jpg,5,1
David Moritz,Editor,2022,3,Male,1.2353333333333334,https://i0.wp.com/s.ltrbxd.com/static/img/avatar1000.a71b6e9c.png?ssl=1,6,0
Affonso Gonçalves,Editor,2022,3,Male,0.652,https://image.tmdb.org/t/p/original/li0pyoKJuUqBGoR7grNNIb1xw0P.jpg,7,0
Peter Teschner,Editor,2022,2,Male,3.887,https://i0.wp.com/s.ltrbxd.com/static/img/avatar1000.a71b6e9c.png?ssl=1,8,0
Hugh S. Fowler,Editor,2022,2,Male,2.207,https://i0.wp.com/s.ltrbxd.com/static/img/avatar1000.a71b6e9c.png?ssl=1,9,0
Sarah Broshar,Editor,2022,2,Male,2.112,https://i0.wp.com/s.ltrbxd.com/static/img/avatar1000.a71b6e9c.png?ssl=1,10,0
Sloane Klevin,Editor,2022,2,Female,1.4,https://i0.wp.com/s.ltrbxd.com/static/img/avatar1000.a71b6e9c.png?ssl=1,11,0
Richard Marks,Editor,2022,2,Male,1.3119999999999998,https://i0.wp.com/s.ltrbxd.com/static/img/avatar1000.a71b6e9c.png?ssl=1,12,0
Julie Monroe,Editor,2022,2,Female,1.176,https://i0.wp.com/s.ltrbxd.com/static/img/avatar1000.a71b6e9c.png?ssl=1,13,0
Joe Hutshing,Editor,2022,2,Male,0.745,https://i0.wp.com/s.ltrbxd.com/static/img/avatar1000.a71b6e9c.png?ssl=1,14,0
Peter Deming,Director of Photography,2022,4,Male,2.5610000000000004,https://image.tmdb.org/t/p/original/3NgM7E5kRYFMXY5znBPktbeI6qB.jpg,15,1
Janusz Kamiński,Director of Photography,2022,3,Male,4.029,https://image.tmdb.org/t/p/original/5yURZbwMmhiXXlvDmRdz4V14Ufs.jpg,16,0
Edward Lachman,Director of Photography,2022,3,Male,1.063,https://image.tmdb.org/t/p/original/3kVVmrHn39L0yuNHTbd3slTiNaz.jpg,17,0
Andrzej Bartkowiak,Director of Photography,2022,2,Male,5.9510000000000005,https://image.tmdb.org/t/p/original/cBYVubgzVWBPCQ7OzRRa0AL6tLe.jpg,18,0
Dante Spinotti,Director of Photography,2022,2,Male,4.3069999999999995,https://image.tmdb.org/t/p/original/7Ts0bNMarg8t5tUS0fKZthhvCYF.jpg,19,0
Russell Metty,Director of Photography,2022,2,Male,3.74,https://i0.wp.com/s.ltrbxd.com/static/img/avatar1000.a71b6e9c.png?ssl=1,20,0
Steve Yedlin,Director of Photography,2022,2,Male,1.706,https://image.tmdb.org/t/p/original/u5TFf0Lpe4PZbMFEGWKBKjGFp6G.jpg,21,0
Robert Burks,Director of Photography,2022,2,Male,1.646,https://i0.wp.com/s.ltrbxd.com/static/img/avatar1000.a71b6e9c.png?ssl=1,22,0
John Toll,Director of Photography,2022,2,Male,1.4754999999999998,https://image.tmdb.org/t/p/original/cfL9A6tC7L5Ps5fq1o3WpVKGMb1.jpg,23,0
Bruno Delbonnel,Director of Photography,2022,2,Male,1.228,https://image.tmdb.org/t/p/original/kVbyFpLGftvOMBpZjPE8QoW4NEa.jpg,24,0
Florian Hoffmeister,Director of Photography,2022,2,Male,1.052,https://i0.wp.com/s.ltrbxd.com/static/img/avatar1000.a71b6e9c.png?ssl=1,25,0
Ari Wegner,Director of Photography,2022,2,Female,0.826,https://image.tmdb.org/t/p/original/qYRP8drakvkybFBaPrqbQErTBdV.jpg,26,0
Steven Spielberg,Director,2022,3,Male,28.487,https://image.tmdb.org/t/p/original/tZxcg19YQ3e8fJ0pOs7hjlnmmr6.jpg,27,1
Ryan Murphy,Director,2022,2,Male,17.275,https://image.tmdb.org/t/p/original/uPojf0hEIpud1huRC9NY7R55OSy.jpg,28,0
Alfred Hitchcock,Director,2022,2,Male,12.177999999999999,https://image.tmdb.org/t/p/original/108fiNM6poRieMg7RIqLJRxdAwG.jpg,29,0
Todd Field,Director,2022,2,Male,10.844000000000001,https://image.tmdb.org/t/p/original/dJZYO81fHPK0unjrlbqOtUuhcly.jpg,30,0
Pedro Almodóvar,Director,2022,2,Male,7.763,https://image.tmdb.org/t/p/original/dKlaXJk3NLcsC1CKMx6xmyW5BZD.jpg,31,0
Dan Fogelman,Director,2022,2,Male,7.129,https://image.tmdb.org/t/p/original/grLBoLU2blYEoT8vjGFOiM8mw1D.jpg,32,0
Billy Wilder,Director,2022,2,Male,7.04,https://image.tmdb.org/t/p/original/tfVte6h2dlLn59Q0Mi6AvWAyRLP.jpg,33,0
Howard Hawks,Director,2022,2,Male,6.199,https://image.tmdb.org/t/p/original/hG2oF9wZlqwGqP6EhG0qaN9Afg7.jpg,34,0
Wes Craven,Director,2022,2,Male,4.5969999999999995,https://image.tmdb.org/t/p/original/eqwl6owrYykeTGTpKxwcAkbEJmg.jpg,35,0
John M. Stahl,Director,2022,2,Male,3.7880000000000003,https://image.tmdb.org/t/p/original/jP2csaGsZJ39CKp11cQgSaznZEt.jpg,36,0
Terence Davies,Director,2022,2,Male,1.699,https://image.tmdb.org/t/p/original/uBbFee7ggk5vrCK4kcAcLOSYi0y.jpg,37,0
Todd Haynes,Director,2022,2,Male,1.147,https://image.tmdb.org/t/p/original/h11kdTCA8QOMpihH12Wz2phQkW2.jpg,38,0
Bina Daigeler,Costume Design,2022,3,Male,0.919,https://i0.wp.com/s.ltrbxd.com/static/img/avatar1000.a71b6e9c.png?ssl=1,39,1
Edith Head,Costume Design,2022,2,Female,4.878,https://image.tmdb.org/t/p/original/l6LmpdKnU67FaoNBLi8VRRoO6wX.jpg,40,0
Marlene Stewart,Costume Design,2022,2,Female,4.64,https://image.tmdb.org/t/p/original/bERazmKyh3I848FmjtnJH3Q7Dzj.jpg,41,0
Debra McGuire,Costume Design,2022,2,Female,4.324,https://image.tmdb.org/t/p/original/2wH44GuUhNUORaANbwOjJNmkC3r.jpg,42,0
Albert Wolsky,Costume Design,2022,2,Male,4.14,https://image.tmdb.org/t/p/original/lUFslczrjBt2zfVmr6s65ggfakB.jpg,43,0
Jacqueline Durran,Costume Design,2022,2,Female,1.955,https://image.tmdb.org/t/p/original/5aJTWqO5nZ8JSbLU5TxaACii8Tl.jpg,44,0
Sandy Powell,Costume Design,2022,2,Female,1.916,https://image.tmdb.org/t/p/original/3pK4SuBmOVghdktSREkSBkFFnG.jpg,45,0
Melissa Toth,Costume Design,2022,2,Female,1.788,https://image.tmdb.org/t/p/original/2lJQri7Qk3KAcVpVCfrfiBSsAnW.jpg,46,0
Odile Dicks-Mireaux,Costume Design,2022,2,Female,1.62,https://image.tmdb.org/t/p/original/bRaSyTCnU4BNTvjN7Z9yM0FjX9b.jpg,47,0
Karen Patch,Costume Design,2022,2,Female,0.86,https://i0.wp.com/s.ltrbxd.com/static/img/avatar1000.a71b6e9c.png?ssl=1,48,0
Caroline Duncan,Costume Design,2022,2,Female,0.84,https://image.tmdb.org/t/p/original/t5Zj7nbJ67JEJBAVHLMD36pqT0y.jpg,49,0
Sophie de Rakoff,Costume Design,2022,2,Female,0.84,https://i0.wp.com/s.ltrbxd.com/static/img/avatar1000.a71b6e9c.png?ssl=1,49,0
Travilla,Costume Design,2022,2,Male,0.802,https://i0.wp.com/s.ltrbxd.com/static/img/avatar1000.a71b6e9c.png?ssl=1,50,0
David Tabbert,Costume Design,2022,2,Male,0.6,https://i0.wp.com/s.ltrbxd.com/static/img/avatar1000.a71b6e9c.png?ssl=1,51,0
Christopher Guest,Writer,2021,2,Male,12.897,https://image.tmdb.org/t/p/original/blRS1tkcgZROLC7ObGigFEzvp2r.jpg,52,1
Aaron Sorkin,Writer,2021,2,Male,10.895,https://image.tmdb.org/t/p/original/rcRPzHLGQIKZ6BWu5EVeDFDy75Y.jpg,53,0
John Cassavetes,Writer,2021,2,Male,10.499,https://image.tmdb.org/t/p/original/2Bo1ipVthg8uKP26mNGykChukA8.jpg,54,0
Mae West,Writer,2021,2,Female,3.49,https://image.tmdb.org/t/p/original/xtlUd8VnOor4OuA8dexgDG9JlIP.jpg,55,0
Elaine May,Writer,2021,2,Female,1.4580000000000002,https://image.tmdb.org/t/p/original/vDx1oJb6UIGAVmtJ2sItcyEZG77.jpg,56,0
Ingmar Bergman,Screenplay,2021,3,Male,8.831,https://image.tmdb.org/t/p/original/nkmOaXNRoioViN9OQf2n9Iu6akA.jpg,57,1
Krzysztof Kieślowski,Screenplay,2021,3,Male,6.3039999999999985,https://image.tmdb.org/t/p/original/8wxPNOV9dg7EDHAFrRdJf6BitMl.jpg,58,0
Akira Kurosawa,Screenplay,2021,2,Male,19.86,https://image.tmdb.org/t/p/original/uCFWmYXu0EqF5Bd6zWaOS4FxvEB.jpg,59,0
Paul Haggis,Screenplay,2021,2,Male,9.574,https://image.tmdb.org/t/p/original/bO2CPKFOtv1uigPM8crWTC071wr.jpg,60,0
Rainer Werner Fassbinder,Screenplay,2021,2,Male,9.429,https://image.tmdb.org/t/p/original/xll1qAg0TOzcuNlfZWEEKB1JxqR.jpg,61,0
Jane Campion,Screenplay,2021,2,Female,6.768,https://image.tmdb.org/t/p/original/zAkrfMl6m940Ja46ofWaM94gTNj.jpg,62,0
Nancy Meyers,Screenplay,2021,2,Female,6.2920000000000025,https://image.tmdb.org/t/p/original/aK2lYDBYhWU9MJdNV0y1EvXiNo0.jpg,63,0
Jacques Demy,Screenplay,2021,2,Male,5.331,https://image.tmdb.org/t/p/original/qfCV7ckQ2XjsAgDRzvJ2PCRAzAE.jpg,64,0
Alexander Payne,Screenplay,2021,2,Male,5.21,https://image.tmdb.org/t/p/original/d8mwLxuCMxMxcE8Qys9sdUb7UZg.jpg,65,0
Robert Wade,Screenplay,2021,2,Male,4.926,https://image.tmdb.org/t/p/original/8HmRapJQ3D1IthZkqOiw4uoaRKe.jpg,66,0
Neal Purvis,Screenplay,2021,2,Male,4.274,https://image.tmdb.org/t/p/original/54vvvnfFnb8s6VKJmJGsW7gpkFJ.jpg,67,0
Jim Taylor,Screenplay,2021,2,Male,2.305,https://i0.wp.com/s.ltrbxd.com/static/img/avatar1000.a71b6e9c.png?ssl=1,68,0
Christopher Hampton,Screenplay,2021,2,Male,2.276,https://image.tmdb.org/t/p/original/utg2E5j1D4xt5vgoUnrc4WEh7fE.jpg,69,0
Jane Goldman,Screenplay,2021,2,Female,2.023,https://image.tmdb.org/t/p/original/p7rediE1pQuLhLjg3vXiU78Wx9x.jpg,70,0
Krzysztof Piesiewicz,Screenplay,2021,2,Male,1.4069999999999998,https://i0.wp.com/s.ltrbxd.com/static/img/avatar1000.a71b6e9c.png?ssl=1,71,0
John Bright,Screenplay,2021,2,Male,0.6,https://i0.wp.com/s.ltrbxd.com/static/img/avatar1000.a71b6e9c.png?ssl=1,72,0
Rainer Werner Fassbinder,Editor,2021,3,Male,9.429,https://image.tmdb.org/t/p/original/xll1qAg0TOzcuNlfZWEEKB1JxqR.jpg,73,1
Juliane Lorenz,Editor,2021,3,Female,1.694,https://i0.wp.com/s.ltrbxd.com/static/img/avatar1000.a71b6e9c.png?ssl=1,74,0
Gerald B. Greenberg,Editor,2021,3,Male,1.3880000000000001,https://i0.wp.com/s.ltrbxd.com/static/img/avatar1000.a71b6e9c.png?ssl=1,75,0
Carol Littleton,Editor,2021,3,Male,1.166,https://i0.wp.com/s.ltrbxd.com/static/img/avatar1000.a71b6e9c.png?ssl=1,76,0
Alan Baumgarten,Editor,2021,3,Male,0.972,https://i0.wp.com/s.ltrbxd.com/static/img/avatar1000.a71b6e9c.png?ssl=1,77,0
Joe Walker,Editor,2021,3,Male,0.605,https://image.tmdb.org/t/p/original/2pfPFxb2I0ulvMZx5B7juwvuU3I.jpg,78,0
Steven Soderbergh,Editor,2021,2,Male,13.819,https://image.tmdb.org/t/p/original/y8JlSDcQzd7gAaKyxFpExupMwDz.jpg,79,0
Joel Coen,Editor,2021,2,Male,8.65,https://image.tmdb.org/t/p/original/rgVaJNkZCgMarUcZuUAsVfXMWk3.jpg,80,0
Ethan Coen,Editor,2021,2,Male,6.3,https://image.tmdb.org/t/p/original/ccvoiEe3gEMAth1Oy8SJxVeMcAk.jpg,81,0
Thelma Schoonmaker,Editor,2021,2,Female,4.328,https://image.tmdb.org/t/p/original/6AMXHH5vBscnT72IzgEaFYWuzuG.jpg,82,0
Robert Leighton,Editor,2021,2,Male,2.753,https://i0.wp.com/s.ltrbxd.com/static/img/avatar1000.a71b6e9c.png?ssl=1,83,0
Carl Lerner,Editor,2021,2,Male,2.4530000000000003,https://i0.wp.com/s.ltrbxd.com/static/img/avatar1000.a71b6e9c.png?ssl=1,84,0
Arthur Schmidt,Editor,2021,2,Male,2.287,https://image.tmdb.org/t/p/original/bSgfOvtFrtaftXSwXFLcI7Z0zKe.jpg,85,0
Andrew Weisblum,Editor,2021,2,Male,1.844,https://image.tmdb.org/t/p/original/j7tgo6NioTZihfXCmZAVRQrkwf3.jpg,86,0
Jon Harris,Editor,2021,2,Male,1.72,https://i0.wp.com/s.ltrbxd.com/static/img/avatar1000.a71b6e9c.png?ssl=1,87,0
José Salcedo,Editor,2021,2,Male,1.694,https://i0.wp.com/s.ltrbxd.com/static/img/avatar1000.a71b6e9c.png?ssl=1,88,0
Tatiana S. Riegel,Editor,2021,2,Female,1.594,https://image.tmdb.org/t/p/original/mms5qpMvookGWLw2UZ54QqO9hES.jpg,89,0
Jacques Witta,Editor,2021,2,Male,1.435,https://image.tmdb.org/t/p/original/gtYgtpEyipHtEDK6RkWxooiVynQ.jpg,90,0
Nicolas De Toth,Editor,2021,2,Male,1.4280000000000002,https://i0.wp.com/s.ltrbxd.com/static/img/avatar1000.a71b6e9c.png?ssl=1,91,0
Craig McKay,Editor,2021,2,Male,1.3880000000000001,https://image.tmdb.org/t/p/original/y2rf8XD0A7Pgse5jx3z4yVb14VH.jpg,92,0
Ferris Webster,Editor,2021,2,Male,1.166,https://i0.wp.com/s.ltrbxd.com/static/img/avatar1000.a71b6e9c.png?ssl=1,93,0
Marion Rothman,Editor,2021,2,Female,1.159,https://i0.wp.com/s.ltrbxd.com/static/img/avatar1000.a71b6e9c.png?ssl=1,94,0
Lucia Zucchetti,Editor,2021,2,Female,1.025,https://image.tmdb.org/t/p/original/cHJURNy6NFRisTnvLeONgwhDs4o.jpg,95,0
Ronald Sanders,Editor,2021,2,Male,1.025,https://i0.wp.com/s.ltrbxd.com/static/img/avatar1000.a71b6e9c.png?ssl=1,95,0
Milton Carruth,Editor,2021,2,Male,0.84,https://i0.wp.com/s.ltrbxd.com/static/img/avatar1000.a71b6e9c.png?ssl=1,96,0
Joe Hutshing,Editor,2021,2,Male,0.84,https://i0.wp.com/s.ltrbxd.com/static/img/avatar1000.a71b6e9c.png?ssl=1,96,0
Nat Sanders,Editor,2021,2,Male,0.84,https://i0.wp.com/s.ltrbxd.com/static/img/avatar1000.a71b6e9c.png?ssl=1,96,0
Sylvia Ingemarsson,Editor,2021,2,Female,0.833,https://i0.wp.com/s.ltrbxd.com/static/img/avatar1000.a71b6e9c.png?ssl=1,97,0
Mario Serandrei,Editor,2021,2,Male,0.6920000000000001,https://i0.wp.com/s.ltrbxd.com/static/img/avatar1000.a71b6e9c.png?ssl=1,98,0
Eileen Meyer,Editor,2021,2,Male,0.6,https://i0.wp.com/s.ltrbxd.com/static/img/avatar1000.a71b6e9c.png?ssl=1,99,0
Reginald Mills,Editor,2021,2,Male,0.6,https://i0.wp.com/s.ltrbxd.com/static/img/avatar1000.a71b6e9c.png?ssl=1,99,0
Anne-Marie Cotret,Editor,2021,2,Male,0.6,https://i0.wp.com/s.ltrbxd.com/static/img/avatar1000.a71b6e9c.png?ssl=1,99,0
Michael Ballhaus,Director of Photography,2021,7,Male,2.8419999999999996,https://image.tmdb.org/t/p/original/9DHIGsrgeTWA0rch3fFGXTOl1lO.jpg,100,1
Robert Elswit,Director of Photography,2021,4,Male,3.775,https://image.tmdb.org/t/p/original/5urU681Z1ZyJxfjEGp6qY6XYXg1.jpg,101,0
John Bailey,Director of Photography,2021,3,Male,3.2230000000000003,https://image.tmdb.org/t/p/original/tjWixq3gm3D1Sspx882aP6GogLl.jpg,102,0
Phedon Papamichael,Director of Photography,2021,3,Male,2.8250000000000006,https://image.tmdb.org/t/p/original/e4RemHDq1r9F0yNqlKNFBOGIEQK.jpg,103,0
Steven Soderbergh,Director of Photography,2021,2,Male,13.819,https://image.tmdb.org/t/p/original/y8JlSDcQzd7gAaKyxFpExupMwDz.jpg,104,0
Roger Deakins,Director of Photography,2021,2,Male,5.9860000000000015,https://image.tmdb.org/t/p/original/pSCN7CfILlfQrxX43Kgqrx5mBYQ.jpg,105,0
Robert D. Yeoman,Director of Photography,2021,2,Male,3.741,https://image.tmdb.org/t/p/original/qtIdjrzJrbCUOi9SdAwhIupIonR.jpg,106,0
Jack Cardiff,Director of Photography,2021,2,Male,3.312,https://image.tmdb.org/t/p/original/1xiGGQ64mlDmgUOuSQsJdGLg6qn.jpg,107,0
Jack Green,Director of Photography,2021,2,Male,2.977,https://i0.wp.com/s.ltrbxd.com/static/img/avatar1000.a71b6e9c.png?ssl=1,108,0
Sven Nykvist,Director of Photography,2021,2,Male,2.784,https://image.tmdb.org/t/p/original/qs8gCA7aTXPfKkGiPdQAqposl5o.jpg,109,0
José Luis Alcaine,Director of Photography,2021,2,Male,2.67,https://image.tmdb.org/t/p/original/6m3lhxAWoFs2swR1BFdZKwF6GIJ.jpg,110,0
Jim Denault,Director of Photography,2021,2,Male,2.6289999999999996,https://i0.wp.com/s.ltrbxd.com/static/img/avatar1000.a71b6e9c.png?ssl=1,111,0
Linus Sandgren,Director of Photography,2021,2,Male,2.026,https://image.tmdb.org/t/p/original/ihiOYVxA7XwgSJva5C7HZuGopY5.jpg,112,0
Michael Fimognari,Director of Photography,2021,2,Male,1.6159999999999999,https://image.tmdb.org/t/p/original/8ETxK0seKQDqvfHNzHwGcvl51B8.jpg,113,0
Jeanne Lapoirie,Director of Photography,2021,2,Female,1.614,https://image.tmdb.org/t/p/original/5nc3GQ5osY6QUWvcdLsvsvhM6GH.jpg,114,0
Pasqualino De Santis,Director of Photography,2021,2,Male,1.016,https://image.tmdb.org/t/p/original/edpUP1MUFgbAjL2oKGPX35DQGHo.jpg,115,0
Jean Rabier,Director of Photography,2021,2,Male,0.988,https://i0.wp.com/s.ltrbxd.com/static/img/avatar1000.a71b6e9c.png?ssl=1,116,0
Ben Smithard,Director of Photography,2021,2,Male,0.75,https://image.tmdb.org/t/p/original/fZqxAASx4aCAJoYklgx2qidDuVV.jpg,117,0
Charles Minsky,Director of Photography,2021,2,Male,0.6,https://i0.wp.com/s.ltrbxd.com/static/img/avatar1000.a71b6e9c.png?ssl=1,118,0
Sean Bobbitt,Director of Photography,2021,2,Male,0.6,https://image.tmdb.org/t/p/original/fZh0FMaHlQCul9LozKJvI3QRJsg.jpg,118,0
Rainer Werner Fassbinder,Director,2021,4,Male,9.429,https://image.tmdb.org/t/p/original/xll1qAg0TOzcuNlfZWEEKB1JxqR.jpg,119,1
Ingmar Bergman,Director,2021,3,Male,8.831,https://image.tmdb.org/t/p/original/nkmOaXNRoioViN9OQf2n9Iu6akA.jpg,120,0
Jane Campion,Director,2021,3,Female,6.768,https://image.tmdb.org/t/p/original/zAkrfMl6m940Ja46ofWaM94gTNj.jpg,121,0
Krzysztof Kieślowski,Director,2021,3,Male,6.3039999999999985,https://image.tmdb.org/t/p/original/8wxPNOV9dg7EDHAFrRdJf6BitMl.jpg,122,0
Curtis Hanson,Director,2021,3,Male,5.681,https://image.tmdb.org/t/p/original/1ht0tJ0Icxc134W3ZpcGtwMtNLA.jpg,123,0
John Carpenter,Director,2021,2,Male,22.874000000000002,https://image.tmdb.org/t/p/original/ghBgALx0z2hGdY32eG9VL6dPyhz.jpg,124,0
Martin Scorsese,Director,2021,2,Male,17.377,https://image.tmdb.org/t/p/original/9U9Y5GQuWX3EZy39B8nkk4NY01S.jpg,125,0
Aaron Sorkin,Director,2021,2,Male,10.895,https://image.tmdb.org/t/p/original/rcRPzHLGQIKZ6BWu5EVeDFDy75Y.jpg,126,0
John Cassavetes,Director,2021,2,Male,10.499,https://image.tmdb.org/t/p/original/2Bo1ipVthg8uKP26mNGykChukA8.jpg,127,0
Denis Villeneuve,Director,2021,2,Male,9.934,https://image.tmdb.org/t/p/original/zdDx9Xs93UIrJFWYApYR28J8M6b.jpg,128,0
Joel Coen,Director,2021,2,Male,8.65,https://image.tmdb.org/t/p/original/rgVaJNkZCgMarUcZuUAsVfXMWk3.jpg,129,0
David Cronenberg,Director,2021,2,Male,7.938,https://image.tmdb.org/t/p/original/kLHnBnUomcH96PdLRBnuZUzRoY1.jpg,130,0
Pedro Almodóvar,Director,2021,2,Male,7.763,https://image.tmdb.org/t/p/original/dKlaXJk3NLcsC1CKMx6xmyW5BZD.jpg,131,0
Park Chan-wook,Director,2021,2,Male,6.972,https://image.tmdb.org/t/p/original/jsSFCVB7MhuVbSLwTgESiXEiNjt.jpg,132,0
Noah Baumbach,Director,2021,2,Male,5.803,https://image.tmdb.org/t/p/original/wRfV5qYIJHk4NH9gkKQnk99E5Qn.jpg,133,0
Emeric Pressburger,Director,2021,2,Male,5.638,https://image.tmdb.org/t/p/original/byPJw21EY1pUWHJtthCs7wUtvoA.jpg,134,0
Jacques Demy,Director,2021,2,Male,5.331,https://image.tmdb.org/t/p/original/qfCV7ckQ2XjsAgDRzvJ2PCRAzAE.jpg,135,0
Lawrence Kasdan,Director,2021,2,Male,4.4,https://image.tmdb.org/t/p/original/hZAQC6MLyR1oLHRKEZ1oUEvh0Sy.jpg,136,0
Stephen Frears,Director,2021,2,Male,4.208,https://image.tmdb.org/t/p/original/2QPhgz395c8MjRpBMidUdSWXOBN.jpg,137,0
Jan de Bont,Director,2021,2,Male,3.915,https://image.tmdb.org/t/p/original/omuf0WjtBlkRWlVHPTgaXKhQsDe.jpg,138,0
François Truffaut,Director,2021,2,Male,3.7769999999999997,https://image.tmdb.org/t/p/original/3bXLtipaybsje01LlQvHvuUAZNq.jpg,139,0
Rob Epstein,Director,2021,2,Male,2.8289999999999997,https://image.tmdb.org/t/p/original/2Dt2pa7G45FOedK281eCplnLNOS.jpg,140,0
Josephine Decker,Director,2021,2,Female,2.577,https://image.tmdb.org/t/p/original/qgvT0J4adO8udUfxvfA1uF4IHOi.jpg,141,0
Destin Daniel Cretton,Director,2021,2,Male,2.483,https://image.tmdb.org/t/p/original/s8uAUG9egZlRIU0PKNkTkIz9E6g.jpg,142,0
Michael Powell,Director,2021,2,Male,2.239,https://image.tmdb.org/t/p/original/gkHgrKa834PZVqAQ5kSs8Cn0pXv.jpg,143,0
Robert Bresson,Director,2021,2,Male,2.193,https://image.tmdb.org/t/p/original/vgQWc59n5tnlHMD1FdKOoRe2iP7.jpg,144,0
Mike Nichols,Director,2021,2,Male,2.023,https://image.tmdb.org/t/p/original/eJgJEVil7iOJ9sTAXLCVRKfeKKM.jpg,145,0
Elaine May,Director,2021,2,Female,1.4580000000000002,https://image.tmdb.org/t/p/original/vDx1oJb6UIGAVmtJ2sItcyEZG77.jpg,146,0
Ann Roth,Costume Design,2021,5,Female,3.4300000000000006,https://image.tmdb.org/t/p/original/cT4EtdqvG0Yq4EQ3LASXiwyndYi.jpg,147,1
Jenny Beavan,Costume Design,2021,2,Female,5.284,https://image.tmdb.org/t/p/original/yYBIJ0OsZu5ccnCC7Bim9FAkDwg.jpg,148,0
Edith Head,Costume Design,2021,2,Female,4.878,https://image.tmdb.org/t/p/original/l6LmpdKnU67FaoNBLi8VRRoO6wX.jpg,149,0
Ruth E. Carter,Costume Design,2021,2,Female,4.3210000000000015,https://image.tmdb.org/t/p/original/b1CtSVekrYuEmCYt9K3JxWfcJjt.jpg,150,0
Albert Wolsky,Costume Design,2021,2,Male,4.14,https://image.tmdb.org/t/p/original/lUFslczrjBt2zfVmr6s65ggfakB.jpg,151,0
Michael Wilkinson,Costume Design,2021,2,Male,3.759,https://image.tmdb.org/t/p/original/5363Z5CBR7PoVjyxxnVOuifKrM5.jpg,152,0
Ellen Mirojnick,Costume Design,2021,2,Female,3.753,https://image.tmdb.org/t/p/original/fVldZUbyEG0fHTTzmGp5CeqadCc.jpg,153,0
Renée April,Costume Design,2021,2,Female,2.8480000000000003,https://i0.wp.com/s.ltrbxd.com/static/img/avatar1000.a71b6e9c.png?ssl=1,154,0
Arianne Phillips,Costume Design,2021,2,Female,1.844,https://image.tmdb.org/t/p/original/pZW5DiGSx0CP1gmZLxWSlYJcxHI.jpg,155,0
Denise Cronenberg,Costume Design,2021,2,Female,1.646,https://i0.wp.com/s.ltrbxd.com/static/img/avatar1000.a71b6e9c.png?ssl=1,156,0
Sharen Davis,Costume Design,2021,2,Female,1.4,https://i0.wp.com/s.ltrbxd.com/static/img/avatar1000.a71b6e9c.png?ssl=1,157,0
Hein Heckroth,Costume Design,2021,2,Male,0.98,https://i0.wp.com/s.ltrbxd.com/static/img/avatar1000.a71b6e9c.png?ssl=1,158,0
Louise Frogley,Costume Design,2021,2,Female,0.84,https://i0.wp.com/s.ltrbxd.com/static/img/avatar1000.a71b6e9c.png?ssl=1,159,0
Susan Becker,Costume Design,2021,2,Female,0.828,https://i0.wp.com/s.ltrbxd.com/static/img/avatar1000.a71b6e9c.png?ssl=1,160,0
Elizabeth Warn,Costume Design,2021,2,Female,0.828,https://i0.wp.com/s.ltrbxd.com/static/img/avatar1000.a71b6e9c.png?ssl=1,160,0
Marci Rodgers,Costume Design,2021,2,Female,0.677,https://i0.wp.com/s.ltrbxd.com/static/img/avatar1000.a71b6e9c.png?ssl=1,161,0
Corinne Jorry,Costume Design,2021,2,Female,0.677,https://i0.wp.com/s.ltrbxd.com/static/img/avatar1000.a71b6e9c.png?ssl=1,161,0
Stephen Cone,Writer,2020,2,Male,1.03,https://image.tmdb.org/t/p/original/yp5hzePC2uGWakcAbrwzggRpxgb.jpg,162,1
Patrick Marber,Screenplay,2020,2,Male,4.301,https://image.tmdb.org/t/p/original/gKQHT10lVXPvAyD062svcAGdkjo.jpg,163,1
George Bowers,Editor,2020,3,Male,0.753,https://i0.wp.com/s.ltrbxd.com/static/img/avatar1000.a71b6e9c.png?ssl=1,164,1
Peter Teschner,Editor,2020,2,Male,3.887,https://i0.wp.com/s.ltrbxd.com/static/img/avatar1000.a71b6e9c.png?ssl=1,165,0
Mick Audsley,Editor,2020,2,Male,2.362,https://i0.wp.com/s.ltrbxd.com/static/img/avatar1000.a71b6e9c.png?ssl=1,166,0
John Bloom,Editor,2020,2,Male,1.473,https://i0.wp.com/s.ltrbxd.com/static/img/avatar1000.a71b6e9c.png?ssl=1,167,0
Anne McCabe,Editor,2020,2,Male,1.286,https://i0.wp.com/s.ltrbxd.com/static/img/avatar1000.a71b6e9c.png?ssl=1,168,0
Evan Schiff,Editor,2020,2,Male,0.88,https://i0.wp.com/s.ltrbxd.com/static/img/avatar1000.a71b6e9c.png?ssl=1,169,0
Antonia Van Drimmelen,Editor,2020,2,Female,0.6,https://i0.wp.com/s.ltrbxd.com/static/img/avatar1000.a71b6e9c.png?ssl=1,170,0
Owen Roizman,Director of Photography,2020,3,Male,1.6610000000000003,https://image.tmdb.org/t/p/original/lOEUYckmdKSB5WS487E2hgYkTdS.jpg,171,1
Matthew Libatique,Director of Photography,2020,2,Male,3.7310000000000003,https://image.tmdb.org/t/p/original/9d5tRBYBgJUb0LKWiPPLNcIx44m.jpg,172,0
Michael Ballhaus,Director of Photography,2020,2,Male,2.842,https://image.tmdb.org/t/p/original/9DHIGsrgeTWA0rch3fFGXTOl1lO.jpg,173,0
Mark Irwin,Director of Photography,2020,2,Male,2.136,https://image.tmdb.org/t/p/original/hHz6PdkfUT9peeTJeNL9LtG1sZi.jpg,174,0
Agnès Godard,Director of Photography,2020,2,Female,2.023,https://image.tmdb.org/t/p/original/aPpU4xD0mtTZY29RmBXcv3h5QnU.jpg,175,0
Henri Decaë,Director of Photography,2020,2,Male,1.646,https://image.tmdb.org/t/p/original/4ao8CNiLkwzrIihnwGTaGbePryS.jpg,176,0
Lachlan Milne,Director of Photography,2020,2,Male,1.361,https://image.tmdb.org/t/p/original/m0WJrEKHWfjN18npXbPFMSCV9xM.jpg,177,0
Lyle Vincent,Director of Photography,2020,2,Male,0.755,https://i0.wp.com/s.ltrbxd.com/static/img/avatar1000.a71b6e9c.png?ssl=1,178,0
Seamus McGarvey,Director of Photography,2020,2,Male,0.732,https://image.tmdb.org/t/p/original/yXEsxEMHlMDemBy8JrHZFAmd3uD.jpg,179,0
Edward Yang,Director,2020,2,Male,9.07,https://image.tmdb.org/t/p/original/j7K4l87WXqvzT1abKsvgMVnFOyW.jpg,180,1
Sydney Pollack,Director,2020,2,Male,8.187999999999999,https://image.tmdb.org/t/p/original/Ejg60nQr6qBR0pZNxLd5gO5zRF.jpg,181,0
Boaz Yakin,Director,2020,2,Male,7.178,https://image.tmdb.org/t/p/original/fBMZdwXjIilRm4tWHs24fPnsVeq.jpg,182,0
Stephen Frears,Director,2020,2,Male,4.208,https://image.tmdb.org/t/p/original/2QPhgz395c8MjRpBMidUdSWXOBN.jpg,183,0
Claire Denis,Director,2020,2,Female,3.222,https://image.tmdb.org/t/p/original/zKR7pmegNQDjWqeWv7JNvHqJ2l5.jpg,184,0
Mike Nichols,Director,2020,2,Male,2.023,https://image.tmdb.org/t/p/original/eJgJEVil7iOJ9sTAXLCVRKfeKKM.jpg,185,0
Stephen Cone,Director,2020,2,Male,1.03,https://image.tmdb.org/t/p/original/yp5hzePC2uGWakcAbrwzggRpxgb.jpg,186,0
Ann Roth,Costume Design,2020,3,Female,3.43,https://image.tmdb.org/t/p/original/cT4EtdqvG0Yq4EQ3LASXiwyndYi.jpg,187,1
Kym Barrett,Costume Design,2020,2,Female,2.218,https://image.tmdb.org/t/p/original/wphQYPxu1Jr82JrEQWtTApX7Kys.jpg,188,0
Beatrix Aruna Pasztor,Costume Design,2020,2,Female,1.88,https://i0.wp.com/s.ltrbxd.com/static/img/avatar1000.a71b6e9c.png?ssl=1,189,0
Theoni V. Aldredge,Costume Design,2020,2,Female,1.22,https://i0.wp.com/s.ltrbxd.com/static/img/avatar1000.a71b6e9c.png?ssl=1,190,0
Susan Lyall,Costume Design,2020,2,Female,1.214,https://i0.wp.com/s.ltrbxd.com/static/img/avatar1000.a71b6e9c.png?ssl=1,191,0
Erin Benach,Costume Design,2020,2,Female,0.98,https://i0.wp.com/s.ltrbxd.com/static/img/avatar1000.a71b6e9c.png?ssl=1,192,0
Sarah Edwards,Costume Design,2020,2,Female,0.84,https://i0.wp.com/s.ltrbxd.com/static/img/avatar1000.a71b6e9c.png?ssl=1,193,0
Judy Shrewsbury,Costume Design,2020,2,Female,0.629,https://image.tmdb.org/t/p/original/662N2ZWsA06Qa3LcubMvJbZT74c.jpg,194,0
Megan Coates,Costume Design,2020,2,Male,0.6,https://i0.wp.com/s.ltrbxd.com/static/img/avatar1000.a71b6e9c.png?ssl=1,195,0
Wu Nien-Jen,Writer,2019,2,Male,3.928,https://image.tmdb.org/t/p/original/zqEl0ybSYwq7yQlG5SSoQQDyuCC.jpg,196,1
Chu Tien-wen,Writer,2019,2,Female,2.688,https://i0.wp.com/s.ltrbxd.com/static/img/avatar1000.a71b6e9c.png?ssl=1,197,0
Joanna Hogg,Writer,2019,2,Female,2.191,https://image.tmdb.org/t/p/original/ctW1b4JnA3srwfPe1ZIt6TX42Yh.jpg,198,0
Lee Hall,Writer,2019,2,Male,1.3359999999999999,https://i0.wp.com/s.ltrbxd.com/static/img/avatar1000.a71b6e9c.png?ssl=1,199,0
Wong Kar-wai,Screenplay,2019,2,Male,8.761000000000001,https://image.tmdb.org/t/p/original/gWfo3lseDx5h9YzsfnaVblG3S6c.jpg,200,1
Billy Wilder,Screenplay,2019,2,Male,7.04,https://image.tmdb.org/t/p/original/tfVte6h2dlLn59Q0Mi6AvWAyRLP.jpg,201,0
Ronald Bass,Screenplay,2019,2,Male,3.833,https://i0.wp.com/s.ltrbxd.com/static/img/avatar1000.a71b6e9c.png?ssl=1,202,0
Kurt Wimmer,Screenplay,2019,2,Male,3.073,https://image.tmdb.org/t/p/original/w6yuLCfWRWXcFfAcTAmVV3xceHC.jpg,203,0
Raymond Chandler,Screenplay,2019,2,Male,2.008,https://image.tmdb.org/t/p/original/49aNExZMEDxtgq6X0jPWg45YM8s.jpg,204,0
Casey Robinson,Screenplay,2019,2,Male,1.8330000000000002,https://i0.wp.com/s.ltrbxd.com/static/img/avatar1000.a71b6e9c.png?ssl=1,205,0
Ernest Lehman,Screenplay,2019,2,Male,1.3940000000000001,https://image.tmdb.org/t/p/original/9yCYrwS6ZIPn8j1E2FMKyL5X68C.jpg,206,0
Bob Ducsay,Editor,2019,2,Male,2.476,https://image.tmdb.org/t/p/original/tAoX58WlTQUI4TIIlxMW0SsHZdZ.jpg,207,1
William Chang,Editor,2019,2,Male,2.322,https://image.tmdb.org/t/p/original/u1rSUvhCQSo0z7bPaDoi1pyntFb.jpg,208,0
Doane Harrison,Editor,2019,2,Male,2.06,https://i0.wp.com/s.ltrbxd.com/static/img/avatar1000.a71b6e9c.png?ssl=1,209,0
Melanie Oliver,Editor,2019,2,Female,2.0180000000000002,https://i0.wp.com/s.ltrbxd.com/static/img/avatar1000.a71b6e9c.png?ssl=1,210,0
Nick Moore,Editor,2019,2,Male,1.96,https://i0.wp.com/s.ltrbxd.com/static/img/avatar1000.a71b6e9c.png?ssl=1,211,0
Leslie Jones,Editor,2019,2,Female,1.891,https://i0.wp.com/s.ltrbxd.com/static/img/avatar1000.a71b6e9c.png?ssl=1,212,0
Richard Francis-Bruce,Editor,2019,2,Male,1.679,https://image.tmdb.org/t/p/original/pZUcIBbaWsX64d5Qy3SyGKcl88U.jpg,213,0
Louise Ford,Editor,2019,2,Female,1.597,https://image.tmdb.org/t/p/original/nzS8BTdfkxXUF155QYcCBhAFBd9.jpg,214,0
Craig McKay,Editor,2019,2,Male,1.3880000000000001,https://image.tmdb.org/t/p/original/y2rf8XD0A7Pgse5jx3z4yVb14VH.jpg,215,0
Gerald B. Greenberg,Editor,2019,2,Male,1.3880000000000001,https://i0.wp.com/s.ltrbxd.com/static/img/avatar1000.a71b6e9c.png?ssl=1,215,0
Dede Allen,Editor,2019,2,Female,1.349,https://i0.wp.com/s.ltrbxd.com/static/img/avatar1000.a71b6e9c.png?ssl=1,216,0
Brent White,Editor,2019,2,Male,1.34,https://i0.wp.com/s.ltrbxd.com/static/img/avatar1000.a71b6e9c.png?ssl=1,217,0
Yang Hongyu,Editor,2019,2,Female,1.176,https://i0.wp.com/s.ltrbxd.com/static/img/avatar1000.a71b6e9c.png?ssl=1,218,0
Liao Ching-Sung,Editor,2019,2,Male,1.176,https://image.tmdb.org/t/p/original/8Ktd27fyAxTqzf736RT5EogAqMc.jpg,218,0
Garth Craven,Editor,2019,2,Male,1.176,https://i0.wp.com/s.ltrbxd.com/static/img/avatar1000.a71b6e9c.png?ssl=1,218,0
Ben Baudhuin,Editor,2019,2,Male,1.159,https://i0.wp.com/s.ltrbxd.com/static/img/avatar1000.a71b6e9c.png?ssl=1,219,0
William H. Ziegler,Editor,2019,2,Male,0.988,https://i0.wp.com/s.ltrbxd.com/static/img/avatar1000.a71b6e9c.png?ssl=1,220,0
Helle le Fevre,Editor,2019,2,Male,0.972,https://i0.wp.com/s.ltrbxd.com/static/img/avatar1000.a71b6e9c.png?ssl=1,221,0
Tim Squyres,Editor,2019,2,Male,0.84,https://image.tmdb.org/t/p/original/vVYTsqt6fEr6rS1UhLU2aejPDlt.jpg,222,0
Tom Eagles,Editor,2019,2,Male,0.84,https://i0.wp.com/s.ltrbxd.com/static/img/avatar1000.a71b6e9c.png?ssl=1,222,0
Sam O'Steen,Editor,2019,2,Male,0.746,https://image.tmdb.org/t/p/original/qeMnR4AX3SCoR2rK4QjXDQHpQGx.jpg,223,0
Jeffrey Wolf,Editor,2019,2,Male,0.6559999999999999,https://i0.wp.com/s.ltrbxd.com/static/img/avatar1000.a71b6e9c.png?ssl=1,224,0
Darius Khondji,Director of Photography,2019,3,Male,3.177,https://image.tmdb.org/t/p/original/4UEPDPLbcvpkY2xG6PZM9D149dA.jpg,225,1
Natasha Braier,Director of Photography,2019,3,Female,0.625,https://image.tmdb.org/t/p/original/u05OMZaKZn4jNCa7sDyYTBobxci.jpg,226,0
Robert Elswit,Director of Photography,2019,2,Male,3.775,https://image.tmdb.org/t/p/original/5urU681Z1ZyJxfjEGp6qY6XYXg1.jpg,227,0
Tak Fujimoto,Director of Photography,2019,2,Male,3.478,https://image.tmdb.org/t/p/original/xXuDkPrRjxdJao0QgXkb9DI9N7h.jpg,228,0
Xavier Grobet,Director of Photography,2019,2,Male,3.466,https://image.tmdb.org/t/p/original/qjtunyKmpDhaLMBE3z6erbSaN75.jpg,229,0
Haskell Wexler,Director of Photography,2019,2,Male,2.898,https://image.tmdb.org/t/p/original/k3JSEg2tildKuFl6F6T1gLQSwgf.jpg,230,0
John F. Seitz,Director of Photography,2019,2,Male,2.698,https://image.tmdb.org/t/p/original/imsSjaTlhfaN1UMegnPOcZ5Q0PS.jpg,231,0
John A. Alonzo,Director of Photography,2019,2,Male,2.408,https://image.tmdb.org/t/p/original/CAUlYAfSpwMrMmi2Iw9vgsSuTS.jpg,232,0
Russell Carpenter,Director of Photography,2019,2,Male,1.895,https://image.tmdb.org/t/p/original/lUvCkzSLCJe7HcQGSIO4wLHuRF.jpg,233,0
Wally Pfister,Director of Photography,2019,2,Male,1.8769999999999998,https://image.tmdb.org/t/p/original/uyWeYsERTTLjpjkE79QeSETLIoA.jpg,234,0
Kwan Pung-Leung,Director of Photography,2019,2,Male,1.788,https://i0.wp.com/s.ltrbxd.com/static/img/avatar1000.a71b6e9c.png?ssl=1,235,0
Brandon Trost,Director of Photography,2019,2,Male,1.788,https://image.tmdb.org/t/p/original/5L4vJJRE10YjQdTt876FUnJqbgO.jpg,235,0
László Kovács,Director of Photography,2019,2,Male,1.73,https://image.tmdb.org/t/p/original/gK1Guqbk9HeW9uEK5ewKnYpVNiH.jpg,236,0
Richard Bluck,Director of Photography,2019,2,Male,1.6909999999999998,https://i0.wp.com/s.ltrbxd.com/static/img/avatar1000.a71b6e9c.png?ssl=1,237,0
Robert Burks,Director of Photography,2019,2,Male,1.646,https://i0.wp.com/s.ltrbxd.com/static/img/avatar1000.a71b6e9c.png?ssl=1,238,0
Tim Suhrstedt,Director of Photography,2019,2,Male,1.646,https://i0.wp.com/s.ltrbxd.com/static/img/avatar1000.a71b6e9c.png?ssl=1,238,0
Eric Steelberg,Director of Photography,2019,2,Male,1.444,https://image.tmdb.org/t/p/original/ifITB3TP98ymhhvuCvAdsBmHz0z.jpg,239,0
Geoffrey Simpson,Director of Photography,2019,2,Male,1.435,https://i0.wp.com/s.ltrbxd.com/static/img/avatar1000.a71b6e9c.png?ssl=1,240,0
Mark Lee Ping-Bing,Director of Photography,2019,2,Male,1.176,https://image.tmdb.org/t/p/original/hkdX19vk3l4t0qhtNgHXYJ3AXeG.jpg,241,0
Ueli Steiger,Director of Photography,2019,2,Male,1.176,https://i0.wp.com/s.ltrbxd.com/static/img/avatar1000.a71b6e9c.png?ssl=1,241,0
Declan Quinn,Director of Photography,2019,2,Male,0.6,https://i0.wp.com/s.ltrbxd.com/static/img/avatar1000.a71b6e9c.png?ssl=1,242,0
Jonathan Demme,Director,2019,4,Male,7.057,https://image.tmdb.org/t/p/original/w9Lw3xTEFQUYELkl9AH5i3p5OhJ.jpg,243,1
Alfred Hitchcock,Director,2019,3,Male,12.177999999999999,https://image.tmdb.org/t/p/original/108fiNM6poRieMg7RIqLJRxdAwG.jpg,244,0
Paul Thomas Anderson,Director,2019,3,Male,11.585999999999999,https://image.tmdb.org/t/p/original/29DHpRKddqTwo2NU162Y49JoQYa.jpg,245,0
Hou Hsiao-hsien,Director,2019,3,Male,3.728,https://image.tmdb.org/t/p/original/rqP4CEO6toAwGhsj8mmdu3Bta6I.jpg,246,0
Martin Scorsese,Director,2019,2,Male,17.377,https://image.tmdb.org/t/p/original/9U9Y5GQuWX3EZy39B8nkk4NY01S.jpg,247,0
Steven Soderbergh,Director,2019,2,Male,13.819,https://image.tmdb.org/t/p/original/y8JlSDcQzd7gAaKyxFpExupMwDz.jpg,248,0
Wong Kar-wai,Director,2019,2,Male,8.761000000000001,https://image.tmdb.org/t/p/original/gWfo3lseDx5h9YzsfnaVblG3S6c.jpg,249,0
Billy Wilder,Director,2019,2,Male,7.04,https://image.tmdb.org/t/p/original/tfVte6h2dlLn59Q0Mi6AvWAyRLP.jpg,250,0
Noah Baumbach,Director,2019,2,Male,5.803,https://image.tmdb.org/t/p/original/wRfV5qYIJHk4NH9gkKQnk99E5Qn.jpg,251,0
Errol Morris,Director,2019,2,Male,5.7429999999999986,https://image.tmdb.org/t/p/original/p0OVTOHWNOaEfK8eUjvey6uEbRp.jpg,252,0
Wayne Wang,Director,2019,2,Male,3.092,https://image.tmdb.org/t/p/original/wtw5Cg8dWy9N7Fvn9SWvboibWek.jpg,253,0
Roger Michell,Director,2019,2,Male,2.963,https://image.tmdb.org/t/p/original/lZP8wowfwLZ0rIld95KSkmGQd23.jpg,254,0
Joanna Hogg,Director,2019,2,Female,2.191,https://image.tmdb.org/t/p/original/ctW1b4JnA3srwfPe1ZIt6TX42Yh.jpg,255,0
Mark Bridges,Costume Design,2019,5,Male,2.491,https://image.tmdb.org/t/p/original/mw2M3u5WtvBcbL3QdudnaWlWjiV.jpg,256,1
Edith Head,Costume Design,2019,3,Female,4.878,https://image.tmdb.org/t/p/original/l6LmpdKnU67FaoNBLi8VRRoO6wX.jpg,257,0
Ann Roth,Costume Design,2019,2,Female,3.43,https://image.tmdb.org/t/p/original/cT4EtdqvG0Yq4EQ3LASXiwyndYi.jpg,258,0
William Chang,Costume Design,2019,2,Male,2.322,https://image.tmdb.org/t/p/original/u1rSUvhCQSo0z7bPaDoi1pyntFb.jpg,259,0
Anna Hill Johnstone,Costume Design,2019,2,Female,2.248,https://i0.wp.com/s.ltrbxd.com/static/img/avatar1000.a71b6e9c.png?ssl=1,260,0
James Acheson,Costume Design,2019,2,Male,1.681,https://i0.wp.com/s.ltrbxd.com/static/img/avatar1000.a71b6e9c.png?ssl=1,261,0
Stacey Battat,Costume Design,2019,2,Female,0.98,https://i0.wp.com/s.ltrbxd.com/static/img/avatar1000.a71b6e9c.png?ssl=1,262,0
Denise Wingate,Costume Design,2019,2,Female,0.732,https://i0.wp.com/s.ltrbxd.com/static/img/avatar1000.a71b6e9c.png?ssl=1,263,0
Orry-Kelly,Costume Design,2019,2,Male,0.6,https://image.tmdb.org/t/p/original/sbO49ovOUfjyYwRHA66uSVsssSr.jpg,264,0
April Napier,Costume Design,2019,2,Female,0.6,https://i0.wp.com/s.ltrbxd.com/static/img/avatar1000.a71b6e9c.png?ssl=1,264,0
Mike Birbiglia,Writer,2018,3,Male,3.122,https://image.tmdb.org/t/p/original/kK7dXCSPMRx9EYAFvZ0ugA1sMUZ.jpg,265,1
John Mulaney,Writer,2018,2,Male,10.136000000000001,https://image.tmdb.org/t/p/original/dCvVHa6dI0zcavzzcaN2qNCYcoI.jpg,266,0
Tig Notaro,Writer,2018,2,Female,6.682,https://image.tmdb.org/t/p/original/tdZ6XLzIaK0HWWPSM2B5OrOqUC0.jpg,267,0
Paul Schrader,Writer,2018,2,Male,4.897,https://image.tmdb.org/t/p/original/ctRxgCUSRFudwFaPG2AanL71Y3V.jpg,268,0
Sebastián Lelio,Writer,2018,2,Male,2.4130000000000003,https://image.tmdb.org/t/p/original/uzYhbqxO8BGkzBl4g5xHUZbaD7V.jpg,269,0
Spike Lee,Screenplay,2018,2,Male,8.486,https://image.tmdb.org/t/p/original/2KOHXgk2uoRXl6u7V9xpAIo3uay.jpg,270,1
Tig Notaro,Screenplay,2018,2,Female,6.682,https://image.tmdb.org/t/p/original/tdZ6XLzIaK0HWWPSM2B5OrOqUC0.jpg,271,0
Alfonso Cuarón,Editor,2018,2,Male,15.405,https://image.tmdb.org/t/p/original/gaHhrzPfxfc3cbQLkDt54gtP3n1.jpg,272,1
Joel Coen,Editor,2018,2,Male,8.65,https://image.tmdb.org/t/p/original/rgVaJNkZCgMarUcZuUAsVfXMWk3.jpg,273,0
Ethan Coen,Editor,2018,2,Male,6.3,https://image.tmdb.org/t/p/original/ccvoiEe3gEMAth1Oy8SJxVeMcAk.jpg,274,0
Andrew Mondshein,Editor,2018,2,Male,2.265,https://i0.wp.com/s.ltrbxd.com/static/img/avatar1000.a71b6e9c.png?ssl=1,275,0
Leslie Jones,Editor,2018,2,Female,1.891,https://i0.wp.com/s.ltrbxd.com/static/img/avatar1000.a71b6e9c.png?ssl=1,276,0
Barry Alexander Brown,Editor,2018,2,Male,1.6840000000000002,https://image.tmdb.org/t/p/original/rSFpYvWaBONyOhveFnEx0I56zOx.jpg,277,0
Tom McArdle,Editor,2018,2,Male,1.268,https://i0.wp.com/s.ltrbxd.com/static/img/avatar1000.a71b6e9c.png?ssl=1,278,0
Michael P. Shawver,Editor,2018,2,Male,1.166,https://i0.wp.com/s.ltrbxd.com/static/img/avatar1000.a71b6e9c.png?ssl=1,279,0
Jennifer Lame,Editor,2018,2,Female,0.988,https://image.tmdb.org/t/p/original/nwiKUZoGn298QWYgICPDbhMUSgc.jpg,280,0
Gary D. Roach,Editor,2018,2,Male,0.98,https://i0.wp.com/s.ltrbxd.com/static/img/avatar1000.a71b6e9c.png?ssl=1,281,0
Dan Lebental,Editor,2018,2,Male,0.84,https://image.tmdb.org/t/p/original/kG4N93eMa6fzkJjBsRPQXUcGQlg.jpg,282,0
Matt Kugelman,Editor,2018,2,Male,0.84,https://i0.wp.com/s.ltrbxd.com/static/img/avatar1000.a71b6e9c.png?ssl=1,282,0
Affonso Gonçalves,Editor,2018,2,Male,0.652,https://image.tmdb.org/t/p/original/li0pyoKJuUqBGoR7grNNIb1xw0P.jpg,283,0
Joe Bini,Editor,2018,2,Male,0.6,https://i0.wp.com/s.ltrbxd.com/static/img/avatar1000.a71b6e9c.png?ssl=1,284,0
Kelly Lyon,Editor,2018,2,Male,0.6,https://i0.wp.com/s.ltrbxd.com/static/img/avatar1000.a71b6e9c.png?ssl=1,284,0
Scott Martin,Editor,2018,2,Male,0.6,https://i0.wp.com/s.ltrbxd.com/static/img/avatar1000.a71b6e9c.png?ssl=1,284,0
Kevin Klauber,Editor,2018,2,Male,0.6,https://i0.wp.com/s.ltrbxd.com/static/img/avatar1000.a71b6e9c.png?ssl=1,284,0
Edward Lachman,Director of Photography,2018,3,Male,1.063,https://image.tmdb.org/t/p/original/3kVVmrHn39L0yuNHTbd3slTiNaz.jpg,285,1
Emmanuel Lubezki,Director of Photography,2018,2,Male,4.463,https://image.tmdb.org/t/p/original/v5reoqVqGobAVAq4RploSoWD3DZ.jpg,286,0
Janusz Kamiński,Director of Photography,2018,2,Male,4.029,https://image.tmdb.org/t/p/original/5yURZbwMmhiXXlvDmRdz4V14Ufs.jpg,287,0
Robert Elswit,Director of Photography,2018,2,Male,3.775,https://image.tmdb.org/t/p/original/5urU681Z1ZyJxfjEGp6qY6XYXg1.jpg,288,0
Robbie Ryan,Director of Photography,2018,2,Male,1.943,https://image.tmdb.org/t/p/original/bCxjPSQyy6ucy36YdQUEDahEzvd.jpg,289,0
Polly Morgan,Director of Photography,2018,2,Female,1.5119999999999998,https://image.tmdb.org/t/p/original/wAFiNLuTniJV36szKM4CQyPPM6c.jpg,290,0
Jules Labarthe,Director of Photography,2018,2,Male,1.308,https://image.tmdb.org/t/p/original/p67BWlCFDNcf97VhSZPoPoye16C.jpg,291,0
Bruno Delbonnel,Director of Photography,2018,2,Male,1.228,https://image.tmdb.org/t/p/original/kVbyFpLGftvOMBpZjPE8QoW4NEa.jpg,292,0
Benjamin Kasulke,Director of Photography,2018,2,Male,1.22,https://i0.wp.com/s.ltrbxd.com/static/img/avatar1000.a71b6e9c.png?ssl=1,293,0
John Mathieson,Director of Photography,2018,2,Male,1.166,https://image.tmdb.org/t/p/original/AkWm67UMEWHhF3BDfH32HkRl5oM.jpg,294,0
Cameron Barnett,Director of Photography,2018,2,Male,1.052,https://i0.wp.com/s.ltrbxd.com/static/img/avatar1000.a71b6e9c.png?ssl=1,295,0
Bradford Young,Director of Photography,2018,2,Male,0.746,https://image.tmdb.org/t/p/original/shGkUnVemFAOVJuXQDk58CqCgsz.jpg,296,0
Eduard Grau,Director of Photography,2018,2,Male,0.6,https://image.tmdb.org/t/p/original/pEMBYzaub7iyNCQW2zFybseuBtY.jpg,297,0
Alfonso Cuarón,Director,2018,2,Male,15.405,https://image.tmdb.org/t/p/original/gaHhrzPfxfc3cbQLkDt54gtP3n1.jpg,298,1
Ridley Scott,Director,2018,2,Male,13.647,https://image.tmdb.org/t/p/original/zABJmN9opmqD4orWl3KSdCaSo7Q.jpg,299,0
Paul Thomas Anderson,Director,2018,2,Male,11.585999999999999,https://image.tmdb.org/t/p/original/29DHpRKddqTwo2NU162Y49JoQYa.jpg,300,0
Joel Coen,Director,2018,2,Male,8.65,https://image.tmdb.org/t/p/original/rgVaJNkZCgMarUcZuUAsVfXMWk3.jpg,301,0
Spike Lee,Director,2018,2,Male,8.486,https://image.tmdb.org/t/p/original/2KOHXgk2uoRXl6u7V9xpAIo3uay.jpg,302,0
Tig Notaro,Director,2018,2,Female,6.6819999999999995,https://image.tmdb.org/t/p/original/tdZ6XLzIaK0HWWPSM2B5OrOqUC0.jpg,303,0
Ethan Coen,Director,2018,2,Male,6.3,https://image.tmdb.org/t/p/original/ccvoiEe3gEMAth1Oy8SJxVeMcAk.jpg,304,0
Paul Schrader,Director,2018,2,Male,4.897,https://image.tmdb.org/t/p/original/ctRxgCUSRFudwFaPG2AanL71Y3V.jpg,305,0
Seth Barrish,Director,2018,2,Male,3.072,https://image.tmdb.org/t/p/original/Tr9Sv3seUxfm156VvOfzs2durT.jpg,306,0
Sebastián Lelio,Director,2018,2,Male,2.4130000000000003,https://image.tmdb.org/t/p/original/uzYhbqxO8BGkzBl4g5xHUZbaD7V.jpg,307,0
Lance Bangs,Director,2018,2,Male,1.96,https://image.tmdb.org/t/p/original/mRjjImIummmLyGrIs56Ufbbn9h2.jpg,308,0
Jay Karas,Director,2018,2,Male,1.594,https://image.tmdb.org/t/p/original/yAvTNXjN80gLXxRbfA9Ha2ZzYxW.jpg,309,0
Matt Kugelman,Director,2018,2,Male,0.84,https://i0.wp.com/s.ltrbxd.com/static/img/avatar1000.a71b6e9c.png?ssl=1,310,0
Ruth E. Carter,Costume Design,2018,3,Female,4.3210000000000015,https://image.tmdb.org/t/p/original/b1CtSVekrYuEmCYt9K3JxWfcJjt.jpg,311,1
Olga Mill,Costume Design,2018,3,Female,0.6,https://i0.wp.com/s.ltrbxd.com/static/img/avatar1000.a71b6e9c.png?ssl=1,312,0
Debra McGuire,Costume Design,2018,2,Female,4.324,https://image.tmdb.org/t/p/original/2wH44GuUhNUORaANbwOjJNmkC3r.jpg,313,0
Kasia Walicka Maimone,Costume Design,2018,2,Female,3.7310000000000003,https://image.tmdb.org/t/p/original/pWM5IMwzFcOuACMIoQVs5JAspXG.jpg,314,0
Ann Roth,Costume Design,2018,2,Female,3.43,https://image.tmdb.org/t/p/original/cT4EtdqvG0Yq4EQ3LASXiwyndYi.jpg,315,0
Judianna Makovsky,Costume Design,2018,2,Female,3.248,https://i0.wp.com/s.ltrbxd.com/static/img/avatar1000.a71b6e9c.png?ssl=1,316,0
Mark Bridges,Costume Design,2018,2,Male,2.491,https://image.tmdb.org/t/p/original/mw2M3u5WtvBcbL3QdudnaWlWjiV.jpg,317,0
Sandy Powell,Costume Design,2018,2,Female,1.916,https://image.tmdb.org/t/p/original/3pK4SuBmOVghdktSREkSBkFFnG.jpg,318,0
Alex Bovaird,Costume Design,2018,2,Female,1.43,https://i0.wp.com/s.ltrbxd.com/static/img/avatar1000.a71b6e9c.png?ssl=1,319,0
David C. Robinson,Costume Design,2018,2,Male,1.331,https://i0.wp.com/s.ltrbxd.com/static/img/avatar1000.a71b6e9c.png?ssl=1,320,0
Emily Moran,Costume Design,2018,2,Male,1.094,https://i0.wp.com/s.ltrbxd.com/static/img/avatar1000.a71b6e9c.png?ssl=1,321,0
